,Job_name,Company_name
0, Memar ,"  ""Azərmemarlayihə"" Dövlət Baş Layihə İnstitutu "
1, Yaradıcı memar ,"  ""Azərmemarlayihə"" Dövlət Baş Layihə İnstitutu "
2, Konstruktor ,"  ""Azərmemarlayihə"" Dövlət Baş Layihə İnstitutu "
3, Satış məsləhətçisi (Elektronika –Ağdaş) ,  ELIT.EO 
4, B2B/ Xüsusi Əhəmiyyətli Şirkətlərə Satış üzrə Koordinator , T Telecom Company 
5, Accountant , C Company 
6, Hüquqşünas , T Toca Residence 
7, Keyfiyyetin idararəetmə sistemi üzrə mütəxəssis , D Deluks Kamin 
8, Satış meneceri , R Rocco Group 
9, Sistem Administratoru ,  A - Group Insurance Company 
10, Kredit İnzibatçılığı üzrə Kiçik Mütəxəssis ,  PASHA Bank 
11, Prosesləri̇n i̇darə olunmasi üzrə baş mütəxəssi̇s , N NBA Technologies International LLC 
12, HR Assistant ,  The International Committee of the Red Cross (ICRC) 
13, Strategiya üzrə ekspert ,  PASHA Capital 
14, Telemarketinq üzrə mütəxəssis , A Autopegasus 
15, Kredit Risklərinin İdarə Edilməsi üzrə Baş Mütəxəssis ,  PASHA Bank 
16, Директор по персоналу (HRD) , M Mərtəbələr MMC 
17, Satış üzrə assistent ,  PASHA Bank 
18, Permit to Work Engineer , S SOCAR Downstream Management 
19, Aparıcı mühasib ,  Baku Design Academy 
20, Multiple Positions ,  North West Construction 
21, Kuryer , O ODONTOS LTD 
22, WMS / AİS (Anbar İdarəetmə Sistemi) üzrə təcrübəçi ,  Avromed Company QSC 
23, Агент по продаже недвижимости (Маклер) , M Mərtəbələr MMC 
24, Reservations Agent , I Intercontinental Hotel Baku 
25, Metal kontruksiya quraşdırılması üzrə mühəndis ,  Kristal Abşeron 
26, Risklərinin idarə edilməsi bölməsinin Baş Mütəxəssisi ,  PASHA Capital 
27, Əməliyyatlar üzrə mütəxəssis ,  Cagir.az 
28, Mühasib-operator , I İsmixanlı MMC 
29, Aparıcı mühasib , A Alphakids 
30, Korporativ satış üzrə mütəxəssis ,  Grand Motors Company 
31, Xarici satınalma üzrə mütəxəssis , U Universal Group of Companies 
32, Satış üzrə Menecer ,  Cagir.az 
33, Təchizat üzrə mütəxəssis ,  MKT İstehsalat Kommersiya MMC 
34, Receptionist , A Af Holding 
35, İşə qəbul üzrə mütəxəssis ,  AVT Logistics 
36, Aparıcı mühasib , I İNTEX Audit & Consulting 
37, HR mütəxəssis ,  Green Food Group 
38, Logistics Administrator , U UFAZ 
39, Planlanlama mühəndisi (Qarabağ) ,  North West Construction 
40, Mühasibatlıq üzrə kargüzar ,  Azerbaijan SuperMarket 
41, Korporativ satış üzrə koordinator ,  Caspian Energy Club 
42, Xərclər üzrə mühasib ,  AVT Logistics 
43, Satış üzrə koordinator , A AMET Services 
44, Call-Center Operator , E Elektra AZ 
45, Təsərrüfat işləri üzrə texnik ,  Summer Tour 
46," Senior, Tax & Law Services ",  EY Baku office 
47, Smeta mühəndisi ,  Cronos Construction 
48, Credit Control Intern ,  Azerconnect 
49, Anbar üzrə operator (Gürcüstan) , C Company 
50, Portfel idarəçisi ,  PASHA Capital 
51, E- kassa və fiscal xidmət şöbəsinin müdiri , N NBA Technologies International LLC 
52, Marketinq üzrə layihə meneceri , F Foodcity Agropark 
53, Müştəri Meneceri / Özəl Bankçılıq ,  PASHA Bank 
54, Менеджер Смены/Администратор , M Myata Platinum Baku 
55, Biznes proseslərinin inkişafı departamentdə mütəxəssis ,  Azersun Holding 
56, Qəza komissarı (Bakı) ,  PASHA Insurance 
57, Продавец – Консультант ,  Selhome Group 
58, Kateqoriya müdiri , A ATS Food 
59, Руководитель отдела по административным вопросам ,  Carlsberg Azerbaijan 
60, Baş mühasib ,  Lilac Flower Boutique 
61, SAT müəllimi ,  Puza Academy 
62, Satıcı ,  AZZA Cake House 
63, Aparıcı mühasib , R Ricon MMC 
64, Layihə üzrə mütəxəssis ,  Caspel 
65, Mühafizəçi , G GreenPlast MMC 
66, Косметолог-врач , Y Yves Rocher 
67, Maliyyə meneceri ,  Sara Invest Holding 
68, Mühəndis-mexanik (Gəncə) ,  Dövlət qurumu 
69, Mühafizəçi , Y YARAT Contemporary Art Center 
70, Xidmət mərkəzi məsləhətçisi ,  Autolux Azerbaijan LLC 
71, Marketoloq , G Green Cleaning MMC 
72, Texnoloq , C Company 
73, Kredit İnzibatçılığı üzrə Baş Mütəxəssis ,  PASHA Bank 
74, Merçendayzer , N Nurgun Holding 
75, Hüquqşünas ,  Azersun Holding 
76, Ofisiant ,  Bilgah Beach Hotel 
77, Bazar Riskləri və Risk Hesabatlığı Şöbəsinin Baş Mütəxəssisi ,  Kapital Bank 
78," Tibb işçisi (Tibb bacısı/feldşer, Gəncə) ",  Dövlət qurumu 
79, Mühasib ,  VMF 
80, Math teacher ,  Celt Colleges 
81, Tibb bacısı/qardaşı/feldşer , S Shamakhi Palace Sharadil Hotel 
82, Mühasib köməkçisi ,  AZZA Cake House 
83, Head of Digital Marketing ,  Code Academy 
84, Повар-Фаст Фуд ,  Restaurants by Emin Agalarov 
85, SPA və İstirahət şöbəsində Massajçı (Therapist) ,  Bilgah Beach Hotel 
86, Texniki işlər üzrə mütəxəssis , A Alliance Property Management Group 
87, Satış assistenti , U Universal Group of Companies 
88, MERN Stack Developer ,  Oawo 
89, Tərcüməçi ,  MKT İstehsalat Kommersiya MMC 
90, Əmək haqqının hesablanması üzrə mühasib ,  AZZA Cake House 
91, Повар горячего цеха ,  Restaurants by Emin Agalarov 
92, Pul vəsaitlərinin idarə olunması üzrə aparıcı mühasib ,  OBA marketlər şəbəkəsi 
93, Avtokar sürücüsü , A Azconstruction QSC 
94, Riyaziyyat müəllimi (Rus və ingilis bölmələri üzrə) ,  StudyLab 
95, Bəyannaməçi / Broker , B Baku Cargo 
96, 1C Operator , C Caspian Road 
97, Receptionist , F Freedom Finance Azerbaijan 
98, Satış məsləhətçisi ,  VMF 
99, MEP üzrə mühəndis , A AZCD Group QSC 
100, Tax Associate ,  BDO Azerbaijan LLC 
101, Lab Technician (Online Analyzers - QMI) , S SOCAR Downstream Management 
102, Müştəri münasibətləri üzrə kiçik mütəxəssis / mütəxəssis ,  PASHA Insurance 
103, Individuals & Societies Teacher ,  European Azerbaijan School 
104, Riyaziyyat müəllimi (Həzi Aslanov filialı) ,  Celt Colleges 
105, Satış təmsilçisi (Bakı və Lənkəran) , O OMİD Mağazalar şəbəkəsi 
106, Satış və kredit bölməsində aparıcı mütəxəssis ,  Azersun Holding 
107, Procurement Leading Specialist , C Company 
108, Çağrı mərkəzi üzrə Satış Mütəxəssisi , 1 166 Yükdaşıma və Logistika 
109, Xadimə , N Nurgun Holding 
110, Təchizat üzrə baş mütəxəssis , A Alliance Property Management Group 
111, Daxili audit və nəzarət şöbəsinin baş mütəxəssisi ,  Azerbaijan Energy Regulatory Agency 
112, Təchizatçıların idarə edilməsi üzrə mütəxəssis ,  Facility Management Group 
113, Marketing Manager ,  Chint Group 
114, Layihəçi mühəndis – Konstruktor , B BRPG LLC 
115, Kiçik Auditor ,  LU - MUN Holding 
116, Topoqraf , A Azconstruction QSC 
117, Mühasib , R Referans CLC 
118, İnsan resursları üzrə kiçik auditor ,  Azersun Holding 
119, English teacher ,  Celt Colleges 
120, Security Guard , E Embassy of India 
121, Software Tester ,  Ateshgah Sigorta 
122, Maliyyə analtiki (Xərclər üzrə) ,  OBA marketlər şəbəkəsi 
123, Müştəri xidmətləri üzrə mütəxəssis , E eTopaz 
124, Primary Music Teacher , H Heydər Əliyev adına Müasir Təhsil Kompleksi 
125, Spanish language teacher ,  European Azerbaijan School 
126, Fəhlə , O OMİD Mağazalar şəbəkəsi 
127, Zərərlərin qiymətləndirilməsi və təmir üzrə kiçik mütəxəssis/assistent ,  PASHA Insurance 
128, Satış meneceri , A Azpride Group 
129, Assistans mərkəzinin kiçik eksperti/assistenti ,  PASHA Insurance 
130, HSE Coordinator , C Company 
131, Maliyyə Direktorunun Assistenti ,  Azersun Holding 
132, Tenderlər üzrə mütəxəssis , R Ricon MMC 
133, Document controller ,  Sofcon Group 
134, İnfrastruktur və Biznes Sistemləri üzrə Sistem Administratoru ,  PASHA Bank 
135, Официант , M Myata Platinum Baku 
136, YÖS müəllimi ,  Puza Academy 
137, Senior Corporate Communications Specialist ,  Bakcell 
138, Директор Филиала ,  Selhome Group 
139, Risklərin idarə edilməsi departamentinin Bazar riskləri və risk hesabatlığı şöbəsinin baş mütəxəssisi ,  Kapital Bank 
140, İnspektor ,  SGS 
141, Мангальщик ,  Restaurants by Emin Agalarov 
142, Кальянный Мастер , M Myata Platinum Baku 
143, İstehsalat üzrə mühasib , C Company 
144, Marketing and research coordinator , C Company 
145, Бухгалтер ,  ASBC MMC (Торговая марка iSpace) 
146, SAT (Verbal) proqramı üzrə müəllim assistenti ,  StudyLab 
147, Procurement Assistant ,  Terra Pharm 
148, HR Coordinator , K Khazar Engineering 
149, Riyaziyyat müəllimi (ingilis bölməsi) ,  EDUSTUDIO 
150, Story Manager ,  By Telecom 
151, Project manager , C Company 
152, Повар холодного цеха ,  Restaurants by Emin Agalarov 
153, Java developer (middle) ,  Express Bank 
154, Aparıcı memar ,  PMD Projects LLC 
155, Mağaza Rəhbəri ,  PRİME Accessories Mağazalar Şəbəkəsi 
156, Contracts specialist ,  Socar Polymer 
157, Xarici satınalma üzrə qrup rəhbəri , U Universal Group of Companies 
158, Finance Controlling Specialist ,  Carlsberg Azerbaijan 
159, Senior Marketing Specialist ,  ELIT.EO 
160, Baş mühasib , C Company 
161, İşə Qəbul üzrə Mütəxəssis ,  Aztelekom 
162, Maliyyə auditi , A Avromak MMC 
163, Layihə koordinatoru , Q Qartal Tikinti Firması 
164, Marketinq üzrə Assistent ,  PASHA Bank 
165, Maliyyə üzrə böyük mütəxəssis , U Universal Group of Companies 
166, Менеджер по продажам , L Lavazza 
167, Şəbəkə üzrə İKT Mütəxəssisi ,  PMD Projects LLC 
168, Учитель Физики (Русский сектор) , H Heydər Əliyev adına Müasir Təhsil Kompleksi 
169, SMM mütəxəssisi , S Social Lab 
170, Mühasib-operator (Lənkəran) , A A+Co ASC 
171, 1C специалист , I INEO Group 
172, Sales Representative (Business Development) , I International Energy Company 
173, Peyk mühəndisliyi qrupunda kiçik mühəndis ,  Azercosmos 
174, Mühasib (Şuşa) ,  Kristal Abşeron 
175, Stomatologiya üzrə tibbi nümayəndə , M Modern Pharm 
176, Büdcə və hesabatlıq üzrə aparıcı mütəxəssis ,  Dövlət qurumu 
177, Konsert təşkilatçısı , R Resant Group 
178, Консультант , G Gəlinim Wedding Boutique 
179, Satış meneceri , S Strix 
180, Audit Intern , E Ekvita 
181, Satıcı ,  NOVCO Group of Companies 
182, Sürücü ,  AEM Elektron 
183, Accountant ,  Engin 
184, Mikro və Aqro Müştərilər üzrə Təcrübəçi (Sumqayıt) ,  Access Bank 
185, HR asisstant , A Asthetiklab 
186, Büdcə və xərclər üzrə nəzarətçi , S Star Mining LLC 
187, Avtomatlaşdırma və elektronika üzrə aparıcı mühəndis ,  PMD Projects LLC 
188, Mexanika mühəndisi ,  PMD Projects LLC 
189, Менеджер по оптовым продажам (Корпоративные продажи) , A Askona 
190, Учитель истории , H Heydər Əliyev adına Müasir Təhsil Kompleksi 
191, Медицинский представитель , N Novartis Pharma Services AG 
192, Təcrübə proqramı , G GL ASC 
193, Çoçuk bakıcısı , C Company 
194, Учитель Биологии , H Heydər Əliyev adına Müasir Təhsil Kompleksi 
195, Aparıcı elektrik mühəndisi ,  PMD Projects LLC 
196, Biznes proseslərin idarə edilməsi üzrə aparıcı mütəxəssis ,  Mars Overseas Baku 
197, Layihə meneceri (İT yönümlü) ,  Azərbaycan Kredit Bürosu 
198, Head of Supply Chain Planning Division , F FMCG 
199, Satış məsləhətçisi ,  Albedo 
200, Помощница директора , V V-Group 
203, SMM Manager ,  FİL Agency MMC 
204, Vizual Merçendayzer ,  NOVCO Group of Companies 
208, Sahə memarı ,  PMD Projects LLC 
209, Dil terapisti , C Company 
211, Monitorinq üzrə mütəxəssis ,  Veysəloğlu MMC 
216, Structural Designer , E Engineering company 
217, Təlim və inkişaf üzrə aparıcı mütəxəssis ,  Mars Overseas Baku 
221, Няня , K Kipias 
225, Satınalma mütəxəssisi , A AZCD Group QSC 
226, Satınalma üzrə mütəxəssis , S Sienmar Engineering 
227," SAT, İELTS, TOEFL müəlimi ", V Vision Academy 
228, Community specialist , A Azerbaijan Automobiles 
233, İstehsalın planlanması üzrə mütəxəssis ,  Mars Overseas Baku 
236, Aparıcı Mühasib , G GFC MMC 
237, Barista/Kassir (xanım) , C Chaplin House Baku 
239, Mühafizəçi , B Betta 
240, Texnik ,  Facility Management Group 
241, Nəqliyyatçı ,  eManat 
242, 1C Operator ,  Moore Azerbaijan 
246, Sürücü (minik maşını) , E En Pro Sol 
247, Tələb planlama üzrə mütəxəssis ,  Azersun Holding 
248," Junior Night Shift Helpdesk, Network and Computer Systems Administrator (students can apply) ", P PITS Global Data Recovery Services 
250, Хостес ,  Restaurants by Emin Agalarov 
251, Ведущий Бухгалтер по Налогам ,  Restaurants by Emin Agalarov 
254, Помощник Кондитера ,  Restaurants by Emin Agalarov 
256, Project manager , A Algoritmika 
257, Qrafik dizayner , A Arash Holding 
258, Receptionist , R Royal Sapphire Hotel 
259, Qəbuledici , P Performance Center Co 
260, Mühasib , R Regency Consulting and Tax Solutions 
261, Ofisiant , M Midtown Hotel Baku 
262, Qeydiyyatçı , M Midtown Hotel Baku 
263, Project Manager ,  Sharaf Media 
264, Müəllim ,  Azərbaycan Beynəlxalq Maarif Məktəbləri 
265, Feldşer-Laborant , R Referans CLC 
266, Sürücü- Ekspeditor , C Chat-A-Chat 
267, Data Analitik , 1 166 Yükdaşıma və Logistika 
268, Продавец консультант , P Parfum City 
269, Управляющий бизнес центром , O Old Town Plaza 
270, Angular Developer ,  AzəriMed QSC 
271, Ofis işləri üzrə əməliyyatçı ,  AzəriMed QSC 
272, Maliyyə işləri üzrə köməkçi ,  AzəriMed QSC 
273, Xadimə ,  AzəriMed QSC 
274, Sığorta üzrə mütəxəssis ,  AzəriMed QSC 
275, Barista , A Akabe İnşaat 
276, Xadimə , A Akabe İnşaat 
277, Mağaza meneceri (Elektronika – Nərimanov mağazası) ,  ELIT.EO 
278, SMM mütəxəssisi ,  Limak.az 
279, Прожект-менеджер , W Wilstream.аz 
280, Шеф–повар ,  Restaurants by Emin Agalarov 
281, Qaraj müdiri (Hacıqabul – Şirvan) , C Company 
282, Korporativ satış üzrə menecer ,  Universal Poliqraf 
283, Tikinti üzrə mühəndis (iş icraçısı) , A Azconstruction QSC 
284, Satıcı (xanım) , B Bəmbəyaz 
285, Procurement specialist , A Auto Azerbaijan 
286, Администратор магазина , I INEO Group 
287, Retail manager , I INEO Group 
288, Sous Chef (milli mətbəx) , F Firuzə Restaurant 
289, Официант , F Floors Baku 
290, Receptionist (kassir) , D Dalga Beach Aquapark 
291, Satış meneceri , F Flyblast Travel 
292, Учитель русского языка ,  Azərbaycan Beynəlxalq Maarif Məktəbləri 
293, Graphic Designer ,  Sharaf Media 
294, Контент менеджер/Графический дизайнер/Копирайтер , K Kipias 
295, Xadimə , L Lifli 
296, SMM-специалист , S Super Toys 
297, SAP Specialist ,  Umid Babek Operating Company 
298, Junior Marketing Specialist (students can apply) , P PITS Global Data Recovery Services 
299, İngilis dili müəllimi ,  ARI Global 
300, Marketing Manager ,  Div Academy 
301, Qonaqların qəbulu şöbəsinin meneceri ,  Gabala Hospitality Group 
302, SPA və Fitness şöbəsində nəzarətçi ,  Gabala Hospitality Group 
303, Operator , P Pizza Mizza 
304, Avtomatika və mexanika üzrə mühəndis ,  Can-Pa 
311, Şəxsi köməkçi ,  Reel Agency 
312, Audit üzrə mütəxəssis , U Unitrade Group MMC 
313, Logistika və nəqliyyat departamentinin rəhbəri , U Unitrade Group MMC 
314, Satış üzrə nümayəndə (TT kanalı) , U Unitrade Group MMC 
315, Sürücü , U Unitrade Group MMC 
316, Маркетолог-аналитик (digital) ,  Competo 
317, iOS devloper ,  Yapi Kredi Bank 
318, Android devoloper ,  Yapi Kredi Bank 
319, Категорийный менеджер в категории бытовая техника ,  Competo 
320, Оператор колл-центра ,  Competo 
321, Satış məsləhətçisi ,  Embawood 
322, Satış şöbəsinin Baş Müştəri Meneceri ,  PASHA Bank 
323, Biznesin inkişafı üzrə mütəxəssis , U Unitrade Group MMC 
324, Hüquqşünas , U Unitrade Group MMC 
325, Merçendayzer , U Unitrade Group MMC 
326, Satış təmsilçisi (Apteklər üzrə) , U Unitrade Group MMC 
327, Yüklərin daşınması üzrə ekspeditor , U Unitrade Group MMC 
328, Base Materials & Logistics Coordinator , O Oil and Gas Company 
329, Project manager , P Production Company 
330, Складчик-оператор ,  Competo 
331, Модели (женщины) , C Company 
332, Mühasib ,  Buta Group 
334, Marketing Coordinator , A Azerbaijan Automobiles 
335, Faktura nəzarəti mütəxəssisi ,  Veysəloğlu MMC 
336, Arxivçi ,  Veysəloğlu MMC 
337, Sales trainer ,  Carlsberg Azerbaijan 
338, Inhouse catering staff (for aircraft catering services) , A Aviation Services Group 
339, Sifarişlər üzrə operator ,  Kristal Abşeron 
340, Satış təmsilçisi (mal-material üzrə) ,  Kristal Abşeron 
341, Debitor və kreditorlarla hesablaşmalar üzrə mütəxəssis ,  Kristal Abşeron 
342, Korporativ satış üzrə mütəxəssis , G Grand Agro MMC 
343, Təmizləyici , T The Landmark Hotel Baku 
344, 1C Operator ,  Food Packing 
345, Müştəri̇ xi̇dmətləri̇ üzrə operator , P Positive Call Center 
346, Менеджер по продажам , C Company 
347, Biznes Analitik ,  Landau School 
348, Ekoloji və sosial təhlükəsizlik üzrə mütəxəssis ,  Qaçqınların və Məcburi Köçkünlərin İşləri üzrə Dövlət Komitəsi 
349, Monitorinq və qiymətləndirmə üzrə mütəxəssis ,  Qaçqınların və Məcburi Köçkünlərin İşləri üzrə Dövlət Komitəsi 
350, Biznes və istehlak kreditlərinin təhlili şöbəsinin mütəxəssisi ,  Xalq Bank 
351, Müştəri xidməti şöbəsinin mütəxəssisi ,  Xalq Bank 
352, Çağrı mərkəzinin operatoru , M Millikart LLC 
353, Sales manager ,  Boomerang Agency 
354, Mühasib ,  Banking and Financial Training Center 
355, Kiçik mühasib ,  Olivia Beauty & Care 
356, HSE Specialist / Lead Specialist ,  Saffron Group 
357, Laboratoriya üzrə texniki işçi , O ODONTOS LTD 
358, Sürücü (Masallı) ,  eManat 
359, Information Security Specialist ,  PASHA Holding 
360, Yanacaq Doldurma Məntəqəsi üzrə Nəzarətçi ,  North West Construction 
361, Texnik ,  North West Construction 
362, GPS üzrə mütəxəssis ,  North West Construction 
363, Yanacaq Doldurma Məntəqəsi üzrə Operator ,  North West Construction 
364, Yanacaq-sürtkü materiallarına nəzarət və keyfiyyət üzrə texniki ,  Azerbaijan Airlines 
365, Uçuşların elektrik-işıq texniki təminatı xidmətinin elektrik mexaniki ,  Azerbaijan Airlines 
366, Learning and Development Manager , R Resant Group 
367, Business Analyst (Senior Level) at Agile Tribe ,  PASHA Insurance 
368, Project coordinator/Personal assistant , C Company 
369, Pediatrik/OTC Qrup məhsul üzrə menecer (PM) , A Ambiens MMC 
370, Kassir (İsmayıllı) ,  Kontakt Home 
371, Operator (Servisdə) ,  Kontakt Home 
372, Oftalmoloq - optikometrist ,  Otomed 
373, Audiometrist (eşitmə cihazlarının satış məsləhətçisi) ,  Otomed 
374, Kassir (Salyan) ,  Kontakt Home 
375, Qazanxana və Kompressor Mütəxəssisi ,  Azersun Holding 
376, Hüquqşünas ,  Xalq Sığorta 
377, Əlaqə mərkəzinin mütəxəssisi , S SR Construction Co 
378, B2B Sales Manager ,  ASBC MMC (Торговая марка iSpace) 
379, Менеджер-магазина ,  ASBC MMC (Торговая марка iSpace) 
380, Kopirayter ,  ASBC MMC (Торговая марка iSpace) 
381, Fizika müəllimi (Azərbaycan və rus bölmələri üzrə) , K Khazar University Dunya IB School 
382, Rus dili və ədəbiyyatı müəllimi , K Khazar University Dunya IB School 
383, Riyaziyyat müəllimi (rus bölməsi üzrə) , K Khazar University Dunya IB School 
384, Kimya müəllimi (rus bölməsi üzrə) , K Khazar University Dunya IB School 
385, Coğrafiya müəllimi (rus bölməsi üzrə) , K Khazar University Dunya IB School 
386, Biologiya müəllimi (rus bölməsi üzrə) , K Khazar University Dunya IB School 
387, Energetika Mühəndisi ,  ATEF Şirkətlər Qrupu 
388, Daxili nəzarət mütəxəssisi ,  Araz Supermarket 
389, Qeydiyyatçı ,  UNICO 
390, Engineering Manager , I Intercontinental Hotel Baku 
391, Anderrayter ,  Xalq Sığorta 
392, İnformasiya Təhlükəsizliyi üzrə Aparıcı Mütəxəssis ,  PASHA Insurance 
393, Korporativ Satış üzrə Mütəxəssis ,  Music Gallery 
394, Reklam üzrə baş mütəxəssis ,  Music Gallery 
395, Kopirayter ,  Music Gallery 
396, Bəyannamələr üzrə mütəxəssis ,  Azerbaijan SuperMarket 
397, Mühasib ,  Mars Overseas Baku 
398, Mühasib-operator ,  Mars Overseas Baku 
399, Ünvanda təqib şöbəsinin mütəxəssisi ,  Kapital Bank 
400, Digər problemli kreditlər ilə iş şöbəsinin mütəxəssisi ,  Kapital Bank 
401, Keyfiyyətə nəzarət üzrə mühəndis ,  AGE LLC 
402, Marketer , I Intercontinental Hotel Baku 
403, IT Бизнес аналитик ,  VTB Bank 
404, Satınalma üzrə mütəxəssis , Z Zəhmət - Ruzi MMC 
405, Nəqliyyat üzrə menecer , Z Zəhmət - Ruzi MMC 
406, Layihələrin idarə olunması üzrə təcrübəçi ,  PASHA Insurance 
407, Network and IT Security Specialist / Leading Specialist ,  Access Bank 
409, HR Təcrübə Proqramı ,  Port Education Center 
410, Ekvayrinq və riskli əməliyyatların monitorinqi üzrə mütəxəssis ,  Bank Respublika ASC 
411, Pərakəndə Bankçılıq üzrə Mütəxəssis (Nəsimi filialı) ,  Bank Respublika ASC 
412, Məlumat mərkəzi şöbəsinin mütəxəssisi/aparıcı mütəxəssisi ,  Bank Respublika ASC 
413, ISO10002 2018 Müştəri Məmnuniyyətinin İdarə Edilməsi ,  Port Education Center 
414, Analytic Team Lead ,  Competo 
415, Kontent üzrə mütəxəssis , H Hermes Engineering 
416, Senior Payroll Specialist , C Company 
418, Visuals Arts Teacher , K Khazar University Dunya IB School 
419, Satış üzrə mütəxəssis ,  Solart 
420, İnzibati Köməkçi (Naxçıvan Filialı) ,  Access Bank 
421, İnzibati Köməkçi (Xırdalan Filialı) ,  Access Bank 
422, Satınalma üzrə baş mütəxəssis ,  UNICO 
423, Risk metodologiyası və hesabatlılıq şöbəsinin mütəxəssisi ,  Xalq Bank 
424, Ведущий менеджер отдела клиентского сервиса , P Penoplex Prikavkazye 
425, Менеджер отдела клиентского сервиса , P Penoplex Prikavkazye 
426, Xərclərə nəzarət şöbəsinin iqtisadçısı ,  Azerbaijan Airlines 
427, Satış və marketinq rəhbəri ,  Ferrum Capital 
428, Rəqəmsal marketinq üzrə mütəxəssis ,  Kontakt Home 
429, İrad zənglərinin qəbulu üzrə inzibatçı ,  Kontakt Home 
430, Merçendayzer ,  Kontakt Home 
431, Korporativ kommunikasiyalar üzrə aparıcı mütəxəssis ,  Kontakt Home 
433, Həkim (Qarabağ) ,  North West Construction 
434, Секретарь-референт ,  Irshad Electronics 
435, İmtinaların idarəedilməsi üzrə mütəxəssis , E ENGINET 
436, IT Specialist , S SOCAR Upstream Management International LLC 
437, Senior Business Analyst , S SOCAR Upstream Management International LLC 
438, Senior Financial Reporting and Audit Specialist , S SOCAR Upstream Management International LLC 
439, Anbar köməkçisi , V Vadi.az 
440, Kuryer , V Vadi.az 
441, Call Center Operator , T Teleport 
442, Commercial Specialist ,  Workplace Interiors LLC 
443, Pre-Contract Quantity Surveyor (Civil Construction) for Tender Team ,  Workplace Interiors LLC 
444, Tender Specialist ,  Workplace Interiors LLC 
445, Специалист по кадровому делопроизводству ,  Carlsberg Azerbaijan 
446, Продавец консультант ,  Xurcun 
447, Texniki Dəstək Şöbəsinin Mütəxəssisi ,  Express Bank 
448, Korporativ Katib ,  North West Construction 
449, Analitik/Monitorinq üzrə mütəxəssis ,  North West Construction 
450, İcma səfərbərliyi üzrə mütəxəssis ,  Qaçqınların və Məcburi Köçkünlərin İşləri üzrə Dövlət Komitəsi 
451, Senior Control & Instrumentation Engineer ,  PD&MS Group 
452, Mühasib ,  Grand Logistics Center 
453, Mühasib-operator (Xaçmaz) , A A+Co ASC 
458, Помошник Кост –Контроля ,  Restaurants by Emin Agalarov 
459, Satış təmsilçisi , R Retailor LLC 
460, Rentgen texniki , R Referans CLC 
461, Marketing manager ,  Salam Doktor Digital 
462, Marketoloq (SMM) ,  Capital Construction 
463, Forklift operatoru (Gəncə) , A AzerBlast MMC 
464, İT üzrə mütəxəssis ,  Kristal Abşeron 
465, İT texnik (kameralar üzrə) ,  Kristal Abşeron 
466, Innovation Analyst ,  PASHA Holding 
467, SOHO Sales Specialist , A Azerfon 
468, 3D Designer ,  Baku Shipyard LLC 
469, Mühasib , A Azəristiliktəchizat ASC 
470, Satıcı-Kassir (ağır texnikaların ehtiyyat hissələrinin satışı) , S Shinkar Holding 
471, Maliyyə üzrə təcrübəçi , M Mazarina Trade Company 
472, İnşaat mühəndisi ,  ATEF Şirkətlər Qrupu 
473, Smeta Mühəndisi ,  ATEF Şirkətlər Qrupu 
474, Smeta mühəndisi , A Aqroman 
475, Finance Specialist , A Advanced Industrial Solutions 
476, Auditor , A Army Group 
477, Aparıcı mühasib , A Army Group 
478, Sayım rəhbəri , A Army Group 
479, Story maker , V Vafa Aesthetic Clinic 
480, Satış meneceri , V Vafa Aesthetic Clinic 
481, Qeydiyyatçı , V Vafa Aesthetic Clinic 
482, İnsan resursları şöbə rəhbəri (Sumqayıt) ,  MKT İstehsalat Kommersiya MMC 
483, Assistant Buyer ,  PD&MS Group 
484, Logistika və Beynəlxalq yük daşımalar üzrə Mühasib , A Amoris 
485, Karyera məsləhətçisi ,  Div Academy 
486, Receptionist (Male) ,  North West Construction 
487, Satış nümayəndəsi , M Mazarina Trade Company 
488, Vergi uçotu üzrə mühasib ,  Araz Supermarket 
489, HR Manager ,  Div Academy 
490, Satış təmsilçisi ,  Money4you.financial MMC 
491, Xidmət mərkəzi işçisi ,  Money4you.financial MMC 
492, Biznes xidmət üzrə mütəxəssis ,  Express Bank 
493, Online Vizual Merçendayzer ,  Sinteks Group of Companies 
495, Leading Lawyer ,  General Supply 
496, Corporate Sales Internship Program ,  DEFSCOPE LLC 
497, Texniki ofis mühəndisi ,  Özgün İnşaat Taahhüt Sanayi ve Ticaret 
498, Onlayn satış üzrə kiçik mütəxəssis/mütəxəssis/aparıcı /baş mütəxəssis ,  TuranBank ASC 
499, CRM - Birbaşa satışlar üzrə kiçik mütəxəssis/mütəxəssis ,  TuranBank ASC 
500, İstehlak kreditləri üzrə kiçik mütəxəssis/mütəxəssis/aparıcı/baş mütəxəssis ,  TuranBank ASC 
501, Məlumat mərkəzi üzrə kiçik mütəxəssis/mütəxəssis/aparıcı/baş mütəxəssis ,  TuranBank ASC 
502, Problemli müştərilərlə iş üzrə təqibçi ,  Baku Electronics 
503, Etika və Uyğunluq üzrə Məmur (Ethics and Compliance Officer) ,  Norm OJSC 
504, Инструктор по мобильному приложению ,  Competo 
505, Kredit işçisi ,  Azərbaycan Mikro Kredit BOKT 
506, Sales manager ,  Cubics Technology 
507, Planning&Purchasing Specialist ,  Baku Electronics 
508, Financial Accountant ,  Azerbaijan SuperMarket 
509," Kiçik, Orta və Korporativ Müştərilər üzrə Mütəxəssis ",  Access Bank 
510, Commercial Assistant ,  PD&MS Group 
511, Satınalma üzrə mütəxəssis ,  Kristal Abşeron 
512, Satış məsləhətçisi , O OMİD Mağazalar şəbəkəsi 
513, Инженер по охране труда , T Tegeta Motors Baku 
514, Maliyyə şöbəsinə iqtisadçı ,  Dövlət qurumu 
515, Şöbə müdiri-baş mühasib ,  Dövlət qurumu 
516, Bitki baxıcısı (Sumqayıt) ,  Buta Group 
517, İnsan Resursları üzrə Mütəxəssis (Zirə) ,  Buta Group 
518, QA Administrator ,  PD&MS Group 
519, HSE Administrator ,  PD&MS Group 
520, CRM üzrə mütəxəssis ,  Neptun Supermarket 
521," IELTS, TOEFL, SAT müəllimi (28 May filialı) ",  A-Level Education Group 
523, Debitor Borclar üzrə Analitik ,  Matanat A 
524, Kreditor Borclar üzrə Analitik ,  Matanat A 
525," Mağaza meneceri (Elektronika – İmişli, Cəlilabad, Xaçmaz) ",  ELIT.EO 
526, Construction Manager ,  Workplace Interiors LLC 
527, Problemli kreditlər üzrə mütəxəssis ,  Ferrum Capital 
528, Krem-Bal istehsalı üçün qablaşdırma avadanlığının və xəttinin satın alınması məqsədi ilə sorğu , C CNFA 
529, Junior Marketing Specialist , C CG Ventures 
530, Tender Assistant ,  Workplace Interiors LLC 
531, Satıcı (xanım) ,  Superfon 
532, Satıcı - Kassir (Nərimanov filialı) , B Balli Bisi 
533, Mühasib ,  Portal Games 
534, Keyfiyyətə nəzarət üzrə mütəxəssis , M Modern Construction Group 
535, Kiçik mühasib ,  Ferrum Capital 
536, Ofis meneceri ,  Ferrum Capital 
537, 1C operator ,  BOA  Agency 
538, Procurement Specialist ,  Saffron Group 
539, Qaraj müdiri , G Göygöl Şərab Zavodu ASC 
540, Smetaçı-Mühəndis , N Nardaran İnvest 
541, Mühasib , E Esen Tekstil 
542," Təcrübə proqramı (Qəbələ, Şəki və Mingəçevir) ", G GL ASC 
543, Məlumat mərkəzi şöbəsinin mütəxəssisi ,  Express Bank 
544, Cost controller , I INEO Group 
545, SMM Menecer ,  GPS Solutions 
546, Business Analyst ,  Caspel 
547, Chief Accountant , C Company 
548, Texniki şöbə mühəndisi , A Avro - Asiya İnşaat Korporasiyası “Evrascon” ASC 
549, Keyfiyyətə nəzarət üzrə mühəndis , A Avro - Asiya İnşaat Korporasiyası “Evrascon” ASC 
550, Layihə rəhbəri , A Avro - Asiya İnşaat Korporasiyası “Evrascon” ASC 
551, Psixoloq , K Kaspi Təhsil Şirkəti 
552, Həkim , K Kaspi Təhsil Şirkəti 
553, Mühafizəçi , K Kaspi Təhsil Şirkəti 
554, Учителя Дошкольного Образования , K Kaspi Təhsil Şirkəti 
555, HSE  Manager ,  Almet Holding 
556, Maliyyə Meneceri ,  PSG Finans BOKT 
557, Texniki Direktor ,  Katech 
558, Texniki mütəxəssis , S SR Group Co MMC 
559, Mağaza satış təmsilçisi , M Mobifon Electronics 
560, Model Validation Analyst ,  PASHA Holding 
561, Marketinq menecerinin köməkçisi , S SIREN TRADING 
562, Xarici satınalma üzrə mütəxəssis , P Puva Construction 
563, Marketinq üzrə təcrübə proqramı ,  Div Academy 
564, Tender üzrə mütəxəssis , P Puva Construction 
565, İnsan resursları üzrə mütəxəssis , A AZAQROTAXIL MMC 
566, Müştəri xidmətləri üzrə menecer ,  Star Express 
567, Qrafik dizayner ,  Code Academy 
568, Smeta mühəndisi , A Avro - Asiya İnşaat Korporasiyası “Evrascon” ASC 
569, Texnik-santexnik , G GFC MMC 
570, Texnik-elektrik , G GFC MMC 
571, İngilis dili müəllimi ,  Old School Layihə və Təlim Mərkəzi 
572, Junior Marketing Officer , R realme 
573," Part-Time Remote Administrative Assistant (English, Russian, Azerbaijani) ", A AVT Group 
574, Seramika şöbəsində satış üzrə menecer , S Santral 
575, Kassir , S Santral 
576, Design engineer (for metal structures) , C Company 
577, Sales accountant , C Company 
578, Sales coordinator , C Company 
579, Beynəlxalq əlaqələr üzrə mütəxəssis , I Inci Group Of Companies 
580, Daxili Auditor , I Inci Group Of Companies 
581, Horeca satış mütəxəssisi , I Inci Group Of Companies 
582, Mühasib , I Inci Group Of Companies 
583, Əmək münasibətləri üzrə mütəxəssis ,  Azerbaijan SuperMarket 
584, Hüquq məsələləri üzrə məsləhətçi ,  Azerbaijan SuperMarket 
585, Marketinq Menecer , V VIP Aviation Services Company 
586, Brend Mağaza Meneceri , V VIP Aviation Services Company 
587, Sayım üzrə operator ,  AZZA Cake House 
588, Sales representative , C Caspian Auto Motors 
589, Santexnik ustası , W Wellmechs 
590, Reklam meneceri , C Caspident 
591, Planlama mühəndisi ,  Ramco CJSC 
592, Менеджер по корпоративным продажам ,  HERTZ Azerbaijan 
593, SƏTƏM üzrə menecer , Q Qalaalti Hotel & Spa 
594, Sənədləşmə üzrə mütəxəssis ,  Veysəloğlu MMC 
595, Product Owner , A Afea Group 
596, Targetinq üzrə mütəxəssis , R Resant Group 
597, Media planer , A Advert 
598, Тур менеджер , S STI Travel 
599, Financial Assistant ,  Predsol 
600, Office assistant ,  Huawei Technologies Azerbaijan 
601, Sayım üzrə mütəxəssis ,  Kontakt Home 
602, Korporativ Audit Rəhbəri , C Company 
603, İnventarizasiya mütəxəssisi , S SR Group Co MMC 
604, Rəqəmsal marketinq üzrə menecer , S SR Group Co MMC 
605, Xəzinadar , S SR Group Co MMC 
606, Java Developer ,  LSIM 
607," Senior Specialist, Information Management ", S SOCAR - KBR LLC 
608, Procurement Assistant ,  Sofcon Group 
609, Income auditor , S Sapphire Group 
610, L1 Support Engineer , S SIP LLC 
611, Младший специалист по корпоративным продажам/фермер (Junior B2B Sales Specialist) ,  Competo 
612, Satış üzrə məsləhətçi , T TradeOn 
613, Community Manager ,  Salam Doktor Digital 
614, Texniki işçi (Tibb sahəsi) , B BESAN MMC 
615, Satış meneceri (tibb sahəsi üzrə) , B BESAN MMC 
616, Anbardar ,  AZZA Cake House 
617, Xadimə ,  Coffeemania 
618, Project Manager (Payroll System) ,  Azərbaycan Dəmir Yolları 
619, Senior Oracle PL/SQL Developer ,  Azərbaycan Dəmir Yolları 
620, Xəzinədar , C Company 
621, Satış və Korporativ Müştərilərə Xidmət şöbəsinin Rəhbəri ,  VTB Bank 
622, Təcrübə proqramı , S SR Group Co MMC 
623, Əməyin mühafizəsi və Təhlükəsizlik texnikası üzrə Mühəndisi ,  Ikma 
626, Call Center & Customer Relationship Manager , P Pizza Mizza 
627, İnsan Resursları və Kargüzarlıq şöbəsinin Müdiri ,  Camal LTD 
628, Mühasib ,  AS Nagliyyat 
629, Problemli kreditlər üzrə işçi ,  Azərbaycan Mikro Kredit BOKT 
630, Daxili Audit ,  Azərbaycan Mikro Kredit BOKT 
632, Ofis meneceri , T TEZ Logistics 
633, Digital Marketing Specialist ,  By Telecom 
634, Заместитель заведующего складом-экспедитор (на личном автомобиле) ,  MUK Computers 
635, Satıcı-Kassir , R Reges Park 
636, Elektromexanik ,  Milla Dairy 
637, Promouter ,  Baku Electronics 
638, Anbar operatoru təcrübə proqramı ,  Kristal Abşeron 
639, Студенты закончившие 1 и 2 группы или на 3-4 курсе , W WisdoM education center 
640, English teacher , W WisdoM education center 
641, Video Monitorinq üzrə Kiçik Mütəxəssis ,  Sinteks Group of Companies 
642, Sürücü , F Freedom Finance Azerbaijan 
643, Kadrlar şöbəsinə baş mütəxəssis ,  İcbari Tibbi Sığorta üzrə Dövlət Agentliyi 
644, PSCM Specialist , O Oil and Gas Company 
645, Marketinq Direktoru , S Super Toys 
646, Integration Engineer , P PashaPay 
647, Horeca üzrə satış meneceri , A A+Co ASC 
648, Aqronom ,  Buta Group 
649, Satınalmalar üzrə köməkçi ,  Buta Group 
650," Night Shift Helpdesk, Network and Computer Systems Administrator ", P PITS Global Data Recovery Services 
651, Mühafizəçi ,  Ateshgah Sigorta 
652, Sistem və Cihazlara Dəstək üzrə Kiçik Mütəxəssis , O Open Networks 
653, Sahə üzrə satış müdiri (HoReCa) , M Mazarina Trade Company 
654, Daxili kommunikasiyalar və işçi bağlılığı üzrə mütəxəssis ,  Kontakt Home 
655, Texniki mühəndis , X Xaqani Ticarət Mərkəzi 
656, Böyük mühasib (xidmət sahəsi üzrə) , X Xaqani Ticarət Mərkəzi 
657," Kredit mütəxəssisi (Masallı, Lənkəran, Astara) ", G GL ASC 
658, Outlet manager , T The Landmark Hotel Baku 
659, Banquet Supervisor , T The Landmark Hotel Baku 
660, Tibb bacısı , I İdeal Tibb Şirkəti 
661, Qeydiyyat üzrə agent ,  Courtyard by Marriott Baku 
662, Operations Associate ,  Wolt 
663, Satış Məsləhətçisi (Şamaxı) ,  Kontakt Home 
664, Satınalma üzrə mütəxəssis ,  Başak Group 
665, Baş mühasib (Konsaltinq) , B BSC Consulting & Outsourcing Company 
666, Mühəndis-təchizatçı , F Fire Safety Caspian Azerbaijan 
667, Anbardar , Q Qala Group 
668, Memar , Q Qala Group 
669, Direktor köməkçisi , Q Qala Group 
670, İnsan Resursları üzrə Menecer , Q Qala Group 
671, Office/Site Administrator (female) , I IRES/Jobsearch 
672, Creative Content Strategist ,  RoarAds 
673, Kateqoriya üzrə aparıcı mütəxəssis (AL Market) ,  Azersun Holding 
674, Kompüter üzrə kiçik mütəxəssis (AL Market) ,  Azersun Holding 
675, Soyuducu avadanlıqların təmiri üzrə usta ,  AZZA Cake House 
676, Финансовый Менеджер ,  Gulfstream Distribution 
677, Office Manager ,  DEFSCOPE LLC 
678, General Administration Intern ,  DEFSCOPE LLC 
679, İdxal üzrə kiçik mütəxəssis ,  Araz Supermarket 
680, Auditor , C Company 
681, Faktorinq bölməsində kredit üzrə kiçik mütəxəssis/mütəxəssis ,  Ferrum Capital 
682, İlkin təqib üzrə kiçik mütəxəssis ,  Ferrum Capital 
683, Tender üzrə mütəxəssis ,  Grand Motors Company 
684, Filial müdiri (Qazax) ,  International BOKT 
685, Kredit mütəxəssisi (Qazax) ,  International BOKT 
686, Kredit mütəxəssisi (Tovuz) ,  International BOKT 
687, Консультант по продажам , I Italdizain Group 
688, Бренд-девелопер , I Italdizain Group 
690, Aqromühəndislik üzrə təcrübəçi ,  Qəbələ Aqropark 
691, Sales development representative , A Azprotech 
693, Anbardar ,  Kristal Abşeron 
694, Baş mühəndis ,  Başak Group 
695, Satış mütəxəssisi (dağıtım) ,  Başak Group 
696, Mühasib-operator (6 aylıq layihə) ,  Başak Group 
697, Arxiv işləri üzrə kiçik mütəxəssis ,  Sirab Satış və Dağıtım MMC 
698, Xarici Satınalma üzrə Qrup Rəhbəri , U Universal Group of Companies 
699, Network Equipment 1st Degree Specialist ,  Azerconnect 
700, Recruiting Specialist , R Resant Group 
701, İnsan Resursları üzrə Mütəxəssis , S Sahil Transport Construction 
702, Application Administrator (System Administrator) ,  FINCA Azerbaijan 
703, Copywriter/Translator , D Digital Classifieds 
704, Продавец консультант , A Aspekt Co MMC 
705," Tone of Voice Menecer, Marketinq Ekspert Mərkəzi /Agile ",  Kapital Bank 
706, Mühasib köməkçisi , C Company 
707, Elektrik mühərrikinə xidmətin göstərilməsi üzrə texnik , O Oil and Gas Company 
708, Marketoloq , R Restaurant 
709, Səyyar Kredit Mütəxəssisi , U Ultratek MMC 
710, Əməliyyatçı ,  Collezione Italia 
711, İnsan Resursları üzrə Mütəxəssis ,  Collezione Italia 
712, Специалист по микрокредитованию ,  VTB Bank 
713, Baş mühasib , M Mazarina Trade Company 
714, Kadrlar üzrə mütəxəssis , I İsmixanlı MMC 
715, Beynəlxalq əlaqələr üzrə mütəxəssis köməkçisi ,  Dövlət qurumu 
716, Anbardar-satıcı , S Sabah Group 
717, Sifarişlərin idarə olunması üzrə mütəxəssis , F Foriella 
719, Əməliyyatçı - Mühasib , G Gens Elektrik 
720, ERP Consultant (Accounting based) , E ERPGO 
721, Mühasib köməkçisi , C Compass International 
722, Satış təmsilçisi , M Medicals International 
723, Mühəndis-konstruktor ,  Sumgait Technologies Park 
725, Maliyyə üzrə Böyük Mütəxəssis , U Universal Group of Companies 
726, Finance Manager ,  Dərs Evi 
727, Marketing Manager ,  Dərs Evi 
728, Rəqəmsal xidmətlərin tətbiqi şöbəsinə Ekspert ,  Rabitabank OJSC 
729, Satınalma şöbəsinə mütəxəssis / aparıcı mütəxəssis , S STP - AH MMC 
730, Aparıcı mühasib , U Unitrade Group MMC 
733, Специалист IT департамента , A Aztrade 
734, İlkin təqib üzrə mütəxəssis ,  Texnomart Mağazalar Şəbəkəsi 
741, Maliyyə Analitiki ,  PASHA Bank 
742, Receptionist , P Providence Doytch Limited 
743, QHSE , O Oil Company 
744, İcraçı Direktor , N Nizami Tədris Mərkəzi 
745, Ассистент косметолога , A Asthetiklab 
746, Nəzarətçi ,  Huner Group 
747, İnsan resursları üzrə mütəxəssis ,  Huner Group 
748, Graphic & Motion Designer ,  Huner Group 
749, General English Teacher ,  Star Colleges 
750, Receptionist ,  Huner Group 
751, Service planner , O Oil Company 
752, Anbardar köməkçisi ,  Music Gallery 
753, Satış məsləhətçisi ,  Music Gallery 
754, Baş satış məsləhətçisi ,  Music Gallery 
755, Baş mühasib , Q Quba Palace Hotel 
756, Hüquqşünas ,  Zeytun Pharmaceuticals 
757, İnşaat mühəndisi ,  Cronos Construction 
758, Memar-Dizayner ,  Cronos Construction 
759, Anbardar ,  Cronos Construction 
760, Ofis proqramları (MS Office) üzrə müəllim , B British Academy 
761, Supplier Manager ,  AsstrA-Associated Traffic AG 
762, Korporativ satış üzrə assistent ,  Grand Motors Company 
763, Hüquqşünas , P PMD Hospitality 
764, Satış üzrə Mütəxəssis , B Bimtek 
765, Satış məsləhətçisi (Elektronika – Şüvəlan) ,  ELIT.EO 
766, IT technichian ,  European Azerbaijan School 
767, Mexanik (gecə növbəsi) ,  Facility Management Group 
768, Usta (Böyük məişət məhsulları) ,  Kontakt Home 
769, Стажировка , L Line Solution 
770, Account Receivable ,  Holiday Inn Baku 
771, Income auditor ,  Holiday Inn Baku 
772, Satışa dəstək üzrə mütəxəssis , F Freedom Finance Azerbaijan 
773, Elektrik malları üzrə satış nümayəndəsi , G Gens Elektrik 
775, Mühafizəçi (xanım) , R Resant Group 
776, Students Service Coordinator , L London School 
777, Smeta və xərclərə nəzarət üzrə mühəndis ,  UNICO 
778," İsitmə, ventilyasiya və kondisioner (İVK) sistemləri üzrə layihəçi mühəndis ",  ArchiCO 
781, Официант ,  Restaurants by Emin Agalarov 
782, SMM menecer , S Smile LLC 
783, Baş Elektrik , K Konfirom 
784, Dizayner , K Konfirom 
785, Fixed Operations Contact Centre Representative ,  Azerconnect 
786, Elektronçu ,  METAK 
787, Elektrik mühəndisi (Sumqayıt) ,  METAK 
788, SPA Receptionist , F FLY INN BAKU 
789, Qonaq xidməti üzrə agent , F FLY INN BAKU 
790, Ofisiant , F FLY INN BAKU 
791, Copywriter specialist , I INEO Group 
792, Elektrik mühəndisi , P Prometheus 
793, Elektrik , P Prometheus 
795, Пеший курьер (экспедитор) ,  Competo 
797, Mühasib ,  Veliev MMC 
798, SMM menecer ,  Bonamed 
799, Бухгалтер , A Abşeron Avtomobil Mərkəzi 
801, ERP консультант ,  Respect Solutions 
802, Çağrı Mərkəzinin Operatoru ,  Azərbaycan Mikro Kredit BOKT 
803, İşə Qəbul üzrə Kiçik Mütəxəssis , R Ram Holding 
804, Receptionist , A Azerbaijan International Mining Company 
805, Daxili Auditor ,  Unibank 
806, POS marketinq üzrə mütəxəssis ,  Araz Supermarket 
807, Fəhlə (Bakı) ,  Kontakt Home 
808, Skuterlər üzrə texnik ,  Kontakt Home 
809, Çatdırılma xidmətləri üzrə fəhlə (mebel) ,  Kontakt Home 
810, Çatdırılma xidmətləri üzrə fəhlə (məişət) ,  Kontakt Home 
811, Planning Engineer ,  PD&MS Group 
812, Audioloq , M Maymed- Avis MMC 
813, A Maintenance Technician ,  Port Baku Walk 
814, Mühasib , M Modern Construction Group 
815, B2B satış mütəxəssisi ,  Ferrum Capital 
816, Sekreter referent ,  Caspian Energy Club 
817, Tərcüməçi ,  Dövlət qurumu 
818, Administrative and Financial Specialist , I International Company 
819, Satıcı Konsultant , E EMMI Perfumery and Cosmetics 
820," Junior Cloud Platform Specialist (Microsoft Azure, Internship) ",  Respect Solutions 
821, Mühasib (Maliyyə xidmətləri üzrə işçi) ,  FINCA Azerbaijan 
822, Sales Manager (Branded Residences) ,  PASHA Development 
823, Sales Manager ,  Bolt Azerbaijan 
824, Rezervasiya Agenti , S SRC LLC 
825, Operator (Satış təmsilçisi) , M Massi 
826, İctimaiyyətlə əlaqələr üzrə mütəxəssis köməkçisi ,  Dövlət qurumu 
827, Marketinq mütəxəssisi ,  Para BOKT 
828, Planlanma üzrə mühəndis , G GSN 
829, Mühasib (konsaltinq) , U USG MMC 
830, Planning Coach (Consultant) , O Oil and Gas Company 
832," Satış müdiri (Jeep, Fiat, Fiat Professional, Dodge, Alfa Romeo brendləri üzrə) ",  Autolux Azerbaijan LLC 
833, 1C məsləhətçi ,  Financial Management 
834, İnformasiya təhlükəsizliyi şöbəsinin mütəxəssisi - Kiber təhlükəsizlik mühəndisi (Cyber security engineer) ,  Xalq Bank 
835, Project Manager ,  Azerlotereya 
836, Senior Business Process Owner ,  Azerlotereya 
837, Barmen , R Restaurant 
838, Satıcı - Kassir , B Boutique Bazaar 
839, Satış təmsilçisi , D Dinçer&Carçıoğlu BM 
841, Специалист Арт Департамента , R Resant Group 
842, Data Scientist ,  Competo 
843, Qablaşdırıcı ,  AZZA Cake House 
844, Sürücü-ekspeditor ,  AZZA Cake House 
846, Satıcı-kassir (xanım) , T Torte 
847, Satış təmsilçisi ,  Bouquet 
848, İnsan resursları üzrə mütəxəssis ,  Xurcun 
849, Elektromexanik , B Balaxanı Sənaye Parkı 
850, Daxili Audit departamentinin Mütəxəssisi ,  Express Bank 
851, Zəng Mərkəzi Operatoru , D Demirören Holding 
852, Marketinq meneceri , D Demirören Holding 
853, Mühasib , N Nardaran İnvest 
854, Kadrlar üzrə mühasib , W Wellmechs 
855, 1C operator , W Wellmechs 
856, Sürücü-ekspeditor , C Company 
857, Administrator , L Lea MMC 
858, Motion Dizayner , R Resant Group 
859, Fizika müəllimi (Rus bölməsi üzrə) ,  Landau School 
860, Genişzolaqlı xidmətlər şöbəsinin transmissiya üzrə mühəndisu ,  Aztelekom 
861, Məhsul üzrə mütəxəssis ,  Aztelekom 
862, Brend və reklam işi üzrə aparıcı mütəxəssis ,  Aztelekom 
863, Baş Mühasib (Ağdaş/Şamaxı/Yevlax/Masallı) ,  Aztelekom 
864, Energetika şöbəsinin müdiri (Sumqayıt/Masallı/Şamaxı/Ağdaş/Şirvan) ,  Aztelekom 
865, Satıcı , Y Yellow Mart 
866, Ofisiant ,  Sara Invest Holding 
867, Turizm meneceri , B BG Travel and Tourism 
868, Finance Specialist , M Megabiz Petrochemical Company 
869, Mühasib ,  ASIA Motors 
870, Fəhlə , C Chat-A-Chat 
871, Anbardar ,  ELIT.EO 
872, Story Manager , B Başkent Restoranlar Şəbəkəsi 
873, Project Manager ,  Div Academy 
874, Smeta mühəndisi , S Şuşa Şəhəri Dövlət Qoruğu İdarəsi 
875, Beynəlxalq münasibətlər və ictimaiyyətlə əlaqələr şöbəsinin müdir müavini , S Şuşa Şəhəri Dövlət Qoruğu İdarəsi 
876, Front Office Team Leader/Front Office Supervisor ,  Holiday Inn Baku 
877, Ofis meneceri , R Ricon MMC 
878, Armaturçu (Qəlibçi) , A Avro - Asiya İnşaat Korporasiyası “Evrascon” ASC 
879, Expediting specialist , S SOCAR Downstream Management 
880, Junior Test Automation Engineer (with free Training) ,  a1qa 
881, Junior QA Engineer (with free Training program) ,  a1qa 
882, International Logistic Specialist , O Oil and Gas Company 
883, SƏTƏM üzrə mühəndis ,  Kristal Abşeron 
884, İnşaat mühəndisi (Fit-out üzrə) ,  Kristal Abşeron 
885, Satınalma üzrə mütəxəssis (Gürcüstan) , C Company 
887, Baş / Aparıcı maliyyə analitiki ,  Unibank 
888, Product Manager OTC , S SWISSMED 
889, Aptek şəbəkələri üzrə menecer , S SWISSMED 
890, Mühafizəçi , A Azprotein Foods Group 
891, Qaynaqçı , A Avro - Asiya İnşaat Korporasiyası “Evrascon” ASC 
892, Sürücü ,  Mars Overseas Baku 
893, Viza mütəxəssisi ,  Visametric Azerbaijan 
894, Xadimə ,  Visametric Azerbaijan 
895, Hostess , O Özsüt Azərbaycan 
896, Mağaza meneceri (Zinət əşyaları) ,  Sinteks Group of Companies 
897, E-ticarət üzrə Təcrübə Proqramı ,  Sinteks Group of Companies 
898, Oracle Database Administrator ,  AZINTELECOM 
900, Data Governance üzrə Mütəxəssis ,  PASHA Bank 
901, Data Keyfiyyəti üzrə Mütəxəssis ,  PASHA Bank 
902, İtkilərin Qarşısının Alınması və İdarə Olunması üzrə Təcrübə Proqramı ,  Sinteks Group of Companies 
903, Yazılı tərcüməçi (İngilis və Azərbaycan) , T TLC Baku 
904, Waiter ,  Ibis Baku city 
905, Mühasib , I İntelfinans MMC 
906, Xadimə , V Viva Dessert 
907, Personal Assistant ,  Katech 
908, Satış təmsilçisi ,  First Home 
909, Guest Service Agent ,  The Merchant Baku 
910, Daxili auditor ,  NANT 
911, Kontent üzrə kiçik mütəxəssis ,  Azerlotereya 
912, Kassir (Gəncə/Kosmetika və baxm) ,  Olivia Beauty & Care 
913, Mağaza müdiri (Gəncə/Kosmetika və baxım ,  Olivia Beauty & Care 
914, Satış Məsləhətçisi (Gəncə/Kosmetika və baxım) ,  Olivia Beauty & Care 
915, Mağaza müdirinin müavini (Lənkəran/Kosmetika və baxım) ,  Olivia Beauty & Care 
916, Mühasib ,  Ceva Logistics 
917, Mühasib , B BRPG LLC 
918, SMM manager , B BRPG LLC 
919, Ofis inzibatçısı , B BRPG LLC 
920, Satıcı - Aşpaz köməkçisi , L Lifli 
921, Ofis meneceri ,  NA Group 
922, Çağrı mərkəzi operatoru , G Gədəbəy Mineral Suları MMC 
923, Təmizlikçi (xanım) , A Aral Group Baku 
924, Satınalma üzrə təcrübəçi ,  UNICO 
925, Fasad işləri üzrə təcrübəçi ,  UNICO 
926, Business Intelligence Specialist ,  Aztelekom 
927, Mağaza direktoru , U Universal Az 
928, Hüquqşünas , I İsmixanlı MMC 
929, General English/Speaking/SAT Verbal/IELTS və TOEFL müəllimi , C Company 
930, Оператор call центра , W Wilstream.аz 
931, Satıcı , N Nur Collection 
932, Psixoloq ,  Landau School 
933, SMM Menecer , K Kia Motors 
934, Marketing Meneceri , K Kia Motors 
935, Satış Meneceri , K Kia Motors 
936, Receptionist ,  Huawei Technologies Azerbaijan 
937, Əczaçı ,  Medsol 
938, Satış təmsilçisi , H Haus Luxury Interiors 
939, Baş mühasib (Quba) ,  Mars Overseas Baku 
940, Sales Executive , E Excelsior Hotel & SPA Baku 
941, Leading procurement specialist , C Company 
942, Xadimə ,  Status Avto 
943, Sürücü ,  Status Avto 
944, Satıcı ,  Status Avto 
945, Təchizat üzrə mütəxəssis , R Ram Holding 
946, Anbardar , S Sienmar Engineering 
947, Mühasib , B Bridge Group of Companies 
948, Layihə koordinatoru ,  Daşkəsən Dəmir Filiz MMC 
949, Housekeeping Supervisor , W Winter Park Hotel Baku 
950, Baş Mühasib , I İntelfinans MMC 
951, Housekeeping Coordinator , W Winter Park Hotel Baku 
952, Mühafizəçi , W Winter Park Hotel Baku 
953, Böyük auditor ,  Təmiz Şəhər 
954, Kiçik auditor ,  Təmiz Şəhər 
955, Korporativ satış üzrə mütəxəssis ,  Labco 
956, Digital və SMM üzrə mütəxəssis ,  Start Travel 
957, Chief Operation Officer ,  Katech 
958, Satış Müdiri ,  Caspian Textile MMC 
959, Storekeeper , R Resant Group 
960, National Child Development Advisor , S SOS Uşaq Kəndləri - Azərbaycan 
961, National Child Safeguarding Advisor , S SOS Uşaq Kəndləri - Azərbaycan 
962, İR üzrə mütəxəssis ,  Caspian Textile MMC 
963, Anbardar ,  Azerbaijan Fish Farm 
964, Büdcə və Hesabatlıq şöbəsinin Rəisi ,  Azerbaijan Fish Farm 
965, Kredit və Lizinq məhsulları Bölməsinin Rəhbəri , P Prior Leasing 
966, Sürücü ,  eManat 
967, Korporativ məhsulların təhlili üzrə mütəxəssis , P Prior Leasing 
968, İstehlak kreditlərinin təhlili üzrə aparıcı mütəxəssis , P Prior Leasing 
969, Mühafizəçi ,  eManat 
971, Qrafik / Motion Dizayner ,  Azebirja 
972, Mühasib , A Almep Engineering Group 
973, Ofis Meneceri , A Almep Engineering Group 
975, Baş mühasib , O OMİD Mağazalar şəbəkəsi 
976, Bank Sistemlərinin Təhlükəsizliyi şöbəsinə Mütəxəssis ,  Rabitabank OJSC 
977, Riyaziyyat Müəllimi (Rus bölməsi üzrə) ,  Landau School 
978, Social Media and Digital Marketing Specialist , L Logistic Company 
979, SMM Manager ,  Glodemia 
980, Ofisiant , P Prive Steak Gallery 
981, Satış məsləhətçisi , F Freedom BeautyShop 
982, Mətbəx işçisi ,  Rotante Food 
983, Satış təmsilçisi , N Nazim1001 
984, Aşpaz ,  Coffeemania 
985, Kamera nəzarətçisi ,  AZZA Cake House 
986, Enerji sistemləri üzrə texniki dəstək sektoru üzrə mütəxəssis ,  Aztelekom 
987, Qrafik dizayner ,  Aztelekom 
988, Head of Legal and Corporate Governance , F FMCG 
989, Maliyyə təhlili və idarəedici hesabatlılıq şöbəsinin mütəxəssisi ,  Xalq Bank 
990, Ödəniş Kartları İdarəsinin Ekvayrinq şöbəsinin Mütəxəssisi ,  Xalq Bank 
991, Maliyyə nəzarəti və bankxarici hesabatlılıq şöbəsinin kiçik mütəxəssisi ,  Xalq Bank 
992, Şəxsi gigiyena və Təmizlik məhsulları üzrə Ticari Marketinq Meneceri ,  Veysəloğlu MMC 
993, Şirniyyat məhsulları üzrə Ticari Marketinq Meneceri ,  Veysəloğlu MMC 
994, Əczaçı , M MediClub 
995, Təchizat üzrə mütəxəssis , G GP Stock Feed 
996, Специалист отдела по выездному туризму , M My Travel 
997, Sahə rəisi , A AZCD Group QSC 
998, Arxiv bölməsinin rəhbəri ,  Kontakt Home 
999, Qeydiyyatçı (Receptionist) , P Performance Center Co 
1000, Mağaza müdiri , N Nurgun Holding 
1002, Продакт менеджер APC ,  MUK Computers 
1003, Инженер по направлению Dell EMC ,  MUK Computers 
1004, Менеджер по продуктам MUK Cloud ,  MUK Computers 
1005, Специалист по управленческому учету ,  MUK Computers 
1006, HR менеджер ,  MUK Computers 
1007, Продакт менеджер Netapp ,  MUK Computers 
1008, Продакт менеджер Dell EMC (стажер) ,  MUK Computers 
1009, Kredit mütəxəssisi ,  MCB BOKT 
1010, Təcrübə Proqramı , P Performance Center Co 
1011, Sales coordinator , H Hydroserv Group 
1012, Dönər ustası ,  MAYA Cloud Kitchen 
1014, Rəqəmsal marketinq üzrə mütəxəssis ,  Azerbaijan SuperMarket 
1015, Housekeeping Supervisor , G Green Cleaning MMC 
1016, Audit üzrə aparıcı mütəxəssis ,  Avant Group MTK 
1017, Səyyar təchizatçı ,  Matanat A 
1018," Təlimçi (Muhasibatlıq, ACCA, F3 üzrə) ",  Port Education Center 
1019, Material mühəndisi (Qarabağ) ,  North West Construction 
1020, Həcm üzrə mühəndis ,  North West Construction 
1021, Korporativ Satış Mütəxəssisi ,  By Telecom 
1022, HR Operations Specialist , R Resant Group 
1023, Kassir , R Resant Group 
1024, Sales manager (B2B) ,  SoftGile 
1025, Satış mütəxəssisi ,  Rec Group 
1026, Event Manager ,  Landau School 
1027, Real Estate Lease Analyst ,  Facility Management Group 
1028, IT Helpdesk ,  Ferrum Capital 
1029, İnsan resursları əməliyyatları üzrə mütəxəssis ,  Şam - Fi MMC 
1030, Mağaza meneceri (Elektronika – Xaçmaz) ,  ELIT.EO 
1031, Planlanlama mühəndisi ,  North West Construction 
1032, Mühafizəçi , C Company 
1033," İşə qəbul, Öyrənmə və İnkişaf Bölməsinin Müdiri ", C Company 
1034, Housekeeping Supervisor , I Intercontinental Hotel Baku 
1035, Dizayner , G Göygöl Şərab Zavodu ASC 
1036, Marketinq şöbəsinə ixrac əməliyyatları üzrə mütəxəssis , G Göygöl Şərab Zavodu ASC 
1037, Aparıcı maliyyə analitiki ,  Facility Management Group 
1038, Call center operator (xanım) , A Aral Group Baku 
1039, Dizayner-konstruktor ,  Embawood 
1040, Azərbaycan dili müəllimi (ingilis və rus dilli tələbələr üçün) ,  A-Level Education Group 
1041, Keyfiyyət və prosseslərə nəzarət üzrə mütəxəssis , G Gədəbəy Mineral Suları MMC 
1042, Satış meneceri - Tibbi Turizm (Freelancer) ,  A-Medical 
1043, Yem istehsalatı üzrə texnoloq ,  SƏBA 
1044, Yem məhsulları üzrə satış müdiri / təmsilçisi ,  SƏBA 
1045, Kredit mütəxəssisi (Nərimanov filialı) , M Minor Electronics 
1046, Daşınmaz Əmlak Mütəxəssisi ,  Araz Supermarket 
1047, HR köməkçisi/Rekruter ,  Konsis 
1048, Dərzi (xanım) , R Rortvest Safety uniform 
1049, Mağaza meneceri , R Rortvest Safety uniform 
1050, Rəqəmsal layihələrin idarə olunması bölməsinin rəhbəri , P Prior Leasing 
1051, Press Officer ,  Money4you.financial MMC 
1052, Baş Anbardar , Z Zəhmət - Ruzi MMC 
1053, Smeta Mühəndisi , R Ricon MMC 
1054, Satış Meneceri , M Mutfakçı Mobilya 
1055, İş Mükəmməliyyət Şöbə müdiri ,  Azersun Holding 
1056, Fənn müəllimləri (ingilis dilli) ,  Celt Colleges 
1057, Sürücü (xanım) , M Massi 
1058, Office Representative , M Medipol Health and Education Group 
1059, Кассир ,  Restaurants by Emin Agalarov 
1060, IT Project Manager/Business Analyst ,  SoftGile 
1061, Mopedo və Motoskilet ustası , 1 166 Yükdaşıma və Logistika 
1062, İnsan resursları üzrə təcrübəçi , 1 166 Yükdaşıma və Logistika 
1063, Юрисконсульт , A AKBIS 
1064, Call center - SMM mütəxəssisi , W West Town 
1065, Müxtəlif vakansiyalar , A AN Production 
1066, Keyfiyyətə nəzarət üzrə menecer , M MediClub 
1067, Fəhlə ,  Food Packing 
1068, İxrac üzrə satış mütəxəssisi , A Agrarco 
1070, Kassir (xanım) , O OMİD Mağazalar şəbəkəsi 
1072, SMM mütəxəssis (On-site) , E Eastcaf 
1073, Barista , E Eastcaf 
1074, Kategoriya üzrə mütəxəssis (Qida məhsulları üzrə) , I Inci Group Of Companies 
1075, Korporativ satış mütəxəssisi , I Inci Group Of Companies 
1076, Packing Designer , I Inci Group Of Companies 
1077, Online satış üzrə menecer , S Santral 
1078, Менеджер по работе с клиентами ,  Infocus 
1079, Zərərlərin tənzimlənməsi şöbəsinin mütəxəssisi , C Company 
1080, Risklərin idarə edilməsi və aktuar hesablamalar üzrə mütəxəssis , C Company 
1081, Data analitik ,  Mars Overseas Baku 
1082, Ofis meneceri , S Sabah Group 
1083, Marketinq və ictimaiyyətlə əlaqələr üzrə mütəxəssis ,  Ateshgah Sigorta 
1084, Складчик ,  Restaurants by Emin Agalarov 
1085, İnsan resursları üzrə kiçik mütəxəssis , L Libraff 
1086, Aşpaz , H Hajigabul Poultry Farm Company 
1087, Frontend developer (angular) ,  MinA 
1088, .Net developer (middle) ,  MinA 
1089, Android mobile developer ,  MinA 
1090, Vergi qanunvericiliyi üzrə təlimçi ,  BPG Consulting Centre 
1091, Mühasibat uçotu və 1C üzrə təlimçi ,  BPG Consulting Centre 
1092, Auditor ,  Ayan MMC 
1093, Anbardar - Sürücü ,  Libra Kitab 
1094, Təcrübə Proqramı , F Flyblast Travel 
1095, Direktor köməkçisi (İdxal üzrə) , P PAY Group 
1096, Monitorinq əməkdaşı (Quba-Xaçmaz-Qusar) ,  OBA marketlər şəbəkəsi 
1097, Tibbi nümayəndə (Məhsul təbliğatı üzrə mütəxəssis) , S SAF Pharma LLC 
1098," Hostes (Bilgah, Amburan mall) ",  Le Parùle 
1099," Ofisiant (xanımlar və bəylər, Bilgah, Amburan mall) ",  Le Parùle 
1100, Baş Anbardar , S Star Mining LLC 
1101, Brend menecer ,  Milla Dairy 
1102, Full-stack software developer (middle) , T TayqaTech LLC 
1103, Satış üzrə mütəxəssis ,  CasaMia 
1104, SMM Menecer ,  Amaze Group 
1105, Kredit mütəxəssisi ,  International BOKT 
1106, Credit Control Specialist ,  Azerconnect 
1107, Data Governance and Quality Specialist ,  Azerconnect 
1108, Front Office Supervisor , R Radisson Baku Hotel 
1109, İnsan resursları üzrə mütəxəssis ,  Matanat A 
1110, Doorman ,  Collezione Italia 
1111, Various roles , B Badamdar Estates 
1112, Satış meneceri , N Natuzzi mağazası 
1114, Контент-агент в Интернет-магазин (маркетплейс Umico) ,  Competo 
1115, Учителей 5-11 классов , I Imza Group 
1118, Специалист по обучению коммерческой команды (Департамент по развитию бизнеса) ,  Carlsberg Azerbaijan 
1119, Менеджер по торговому маркетингу ,  Carlsberg Azerbaijan 
1120, Təşkilati Risklərin İdarə Edilməsi üzrə Mütəxəssis ,  PASHA Bank 
1121, Satınalma üzrə mütəxəssis ,  A2Z Technologies 
1122, Təşkilati Risklərin İdarə Edilməsi üzrə Ekspert ,  PASHA Bank 
1123, Baş Müştəri Meneceri / Özəl Bankçılıq ,  PASHA Bank 
1124, Satış üzrə mütəxəssis , N NBA Technologies International LLC 
1125, Arxiv bölməsinin rəisi ,  Azərbaycan Dəmir Yolları 
1126, Sürücü (çatdırılma xidməti üçün) ,  Kontakt Home 
1127, Məzmun Yaradıcısı (Content Creator) ,  PASHA Bank 
1129, Satış üzrə menecer ,  Keproshop 
1130, Resepşn , C Chirag Plaza 
1131, Qaynaqçı , A Atilla Garaj 2014 
1132, Tokarçı , A Atilla Garaj 2014 
1133, Maliyyə üzrə təcrübə proqramı ,  Ferrum Capital 
1134, Promoter ,  Sweet Baku 
1135, Income auditor , Q Qalaalti Hotel & Spa 
1136, Baş xəzinədar , Q Qalaalti Hotel & Spa 
1140, Mətbəx Comisi ,  MAYA Cloud Kitchen 
1141, Demi Chef ,  MAYA Cloud Kitchen 
1142, PL/TMM şöbəsinin (Pulların leqallaşdırılması və terrorizmin maliyyələşdirilməsi ilə mübarizə) mütəxəssisi ,  Bank Respublika ASC 
1143, Satış üzrə rəhbər ,  Onvolt MMC 
1144, Satış üzrə mütəxəssis ,  Onvolt MMC 
1145, Servis müdiri ,  Onvolt MMC 
1146, Ofis meneceri , S Sigortali.az 
1147, Mebel istehsalatı sexinin müdiri ,  Amal Group 
1148, Müqavilələr üzrə Hüquqşünas ,  Sinteks Group of Companies 
1149, Satınalma üzrə assistent , R Ram Holding 
1150, Operator call center ,  Azericard 
1151, Kiber Təhlükəsizliyi üzrə SOC L2 Mütəxəssisi ,  Azericard 
1152, Layihələrin idarə olunması üzrə aparıcı mütəxəssis ,  Azericard 
1153, Waiter/Waitress , H Hilton Baku 
1154, Satıcı-məsləhətçi ,  Blue Planet Distribution 
1155, İnsan resursları üzrə araşdırmacı ,  Ferrum Capital 
1156, Şahmat müəllimi , M Multi Business Services MMC 
1157, STEAM müəllimi , M Multi Business Services MMC 
1158, Rəqs müəlliməsi , M Multi Business Services MMC 
1159, Mental arifmetika müəlliməsi , M Multi Business Services MMC 
1160, Ofisiant , C Company 
1161, Satış meneceri , A Azcargo Logistics and Management Services 
1162, Mühafizəçi , L Lion Security 
1163, Xəzinədar-satıcı , V Viva Dessert 
1164, Aşpaz ,  Le Parùle 
1165, Pizzaman köməkçisi ,  Le Parùle 
1166, Mebel ustası , S Stone House 
1167, Tibbi ləvazimatlar üzrə satış meneceri ,  Terra Pharm 
1168, Tibbi nümayəndə (Tibbi ləvazimatlar üzrə) ,  Terra Pharm 
1169, Ofis meneceri , M Massi 
1170, Designer (Hibrid) , E Eastcaf 
1171, IT Technician ,  European Azerbaijan School 
1172, Business Consultant , T TWC Management Consulting 
1173, Paylama Mərkəzində (PM) ehtiyatların planlaması üzrə Supervayzer ,  Azerbaijan SuperMarket 
1174," Product owner, IT Business analyst ",  Iktex 
1175, Daxili Audit Təlimçisi , F Finans Academy 
1176, HR Management Təlimçisi , F Finans Academy 
1177, Məlumat bazası üzrə inzibatçı ,  eManat 
1178, Satıcı-məsləhətçi , A ADORE kompani 
1179, 1C / Micro Operator , A Aztrade 
1180, Aparıcı memar , A ATKİNS şirkətinin Azərbaycan Respublikasındakı nümayəndəliyi 
1181, Журналист ,  Trend News Agency 
1182, Çağrı mərkəzinin operatoru , C Chat-A-Chat 
1183, Aparıcı Mühasib , A AZSKTT 
1184, Satış üzrə koordinator , T Technoil LLC 
1185, İT Dəstək Təcrübə Proqramı ,  Maxtexno LLC 
1186, Tikinti işləri üzrə sahə rəisi ,  Realest 
1187, Менеджер магазина ,  ASBC MMC (Торговая марка iSpace) 
1188, SAP-də İnsan kapitalının idarəedilməsi üzrə məsləhətçi (Proqram təminatı) ,  Caspian Innovation Center 
1189, Rəqəmsal marketinq üzrə aparıcı mütəxəssis , A Aqrar İnnovasiya və Təchizat Şirkəti 
1190, Korporativ kreditlər üzrə mütəxəssis/aparıcı mütəxəssis/baş mütəxəssis ,  AFB Bank 
1191, Mikro kreditlər üzrə mütəxəssis ,  AFB Bank 
1192, Xərclərə nəzarət üzrə menecer , R Ricon MMC 
1193, Sahə rəisi (Füzuli) , R Ricon MMC 
1194, Sürücü , M Massi 
1195, SMM/Reklam menecer , B Brightman BMC MMC 
1196, Penetration Tester ,  Cyberpoint 
1198, Əlaqə mərkəzi şöbəsində operator ,  Baku Electronics 
1199, Satış Məsləhətçisi (Bakı mağazaları üzrə) ,  Baku Electronics 
1200, Mağaza meneceri (Elektronika – Cəlilabad) ,  ELIT.EO 
1203, Product Marketing Manager (Cybersecurity) ,  BAKOTECH 
1204, Кассир , K Kudo Kudo 
1205, Account Manager , S Synergy Partnership 
1206, Anbardar , R Ricon MMC 
1207, Logistika üzrə mütəxəssis ,  MKT İstehsalat Kommersiya MMC 
1208, Logistics specialist , P Providence Doytch Limited 
1209, Digital Marketing Specialist ,  CÀSÀ Culinary Arts Center of Azerbaijan 
1210, Restoran meneceri ,  CÀSÀ Culinary Arts Center of Azerbaijan 
1211, Təmizlik  üzrə supervayzer ,  CÀSÀ Culinary Arts Center of Azerbaijan 
1212, Aşpaz (şirniyyatçı) ,  CÀSÀ Culinary Arts Center of Azerbaijan 
1213, Cost Engineer , R RSM Azerbaijan 
1214, Satış məsləhətçisi (Elektronika) ,  ELIT.EO 
1215, Electrician , H Hilton Baku 
1216, Contract Specialist ,  Carlsberg Azerbaijan 
1217, Business Analytics Specialist ,  Grand Logistics Center 
1218, Сварщик по аргону ,  Carlsberg Azerbaijan 
1219, Biznes analitik ,  PASHA Life 
1220, Xadimə (Avto-salon) , C Company 
1221, Satış təmsilçisi (Region üzrə) ,  Matanat A 
1223, İnvestisiya şöbəsinə qiymətli kağızlar üzrə mütəxəssis ,  Para BOKT 
1224, Asistent , C Caspian Equipment Company 
1225, İnsan resursları üzrə mütəxəssis , N Novator HRC 
1226, Early Years Teacher , A Azerbaijan British College 
1227, Valve technician , O Oil and Gas Company 
1228, Sürücü ,  By Telecom 
1229, Специалист по внедрению / Внедренец 1С , F Financial Chain Corporation LLC 
1230, Müştəri xidmətləri üzrə mütəxəssis ,  Melissa Group 
1231, English Instructor , E Enverson Colleges 
1232, Rəhbər və ailə sürücüsü , G Globetrans 
1233, Texniki baxım üzrə baş nəzarətçi (MEP supervisor) ,  Facility Management Group 
1241, Junior Accountant , C Company 
1242, Korporativ satış üzrə mütəxəssis (Həyat sığortası məhsullarının satışı şöbəsi) ,  Ateshgah Sigorta 
1243, Waiter , S Shusha Hotel Company 
1244, SPA Receptionist , S Shusha Hotel Company 
1245, Guest Service Agent , S Shusha Hotel Company 
1246, Executive Assistant to CEO ,  Absheron Hotel Group 
1247, Marketinq üzrə mütəxəssis , Q Quba Palace Hotel 
1248, Personal Assistant , P PMD Hospitality 
1249, Onlayn hissəvi ödəniş sənədləşməsi üzrə operator ,  Kontakt Home 
1251, Təcrübəçi , C Company 
1252, Satınalmalar üzrə mütəxəssis , C Company 
1253, Консультант по сервису автомобилей , A Abşeron Avtomobil Mərkəzi 
1255, Monitorinq əməkdaşı ,  Veysəloğlu-Rossmann 
1256, Qazma ustası , K Kəngərli 
1257, Sales Representative , S Smart Solutions 
1258, Pre-sales Manager ,  Huawei Technologies Azerbaijan 
1259, Satış təmsilçisi (Madame Coco və Decoria mağazalar şəbəkəsi) , E Emsa Baku 
1262, Texniki işçi ,  AZZA Cake House 
1263, İnfrastruktur bölməsinin rəhbəri ,  Aztelekom 
1264, Brend İdarəetməsi üzrə Mütəxəssis ,  PASHA Bank 
1266, Специалист по корпоративным продажам (Corporate Sales Specialist (B2B/Hunter) ,  Competo 
1267, Агент по обучению партнёров ,  Competo 
1268, SƏTƏM üzrə mütəxəssis ,  Zeytun Pharmaceuticals 
1269, IB PYP Homeroom Teacher , K Khazar University Dunya IB School 
1270, Ofis meneceri , A Armaad Group 
1271, İnşaatçı mühəndis , Q Qartal Tikinti Firması 
1272, Xarici satınalma üzrə kiçik mütəxəssis , I Inci Group Of Companies 
1273, Marketinq mütəxəssisi , I Inci Group Of Companies 
1274, İşə Qəbul üzrə Mütəxəssis , R Ram Holding 
1275, Laçın Sahə Mühəndisi , K Karabakh Group 
1276, Laboratoriya rəhbəri ,  Azersun Holding 
1277, Satış təmsilçisi , P Purple Cake 
1278, İnsan resursları əməliyyatları üzrə aparıcı mütəxəssis , B Bioloji Təbabət Klinikası 
1279, Nəzarətçi , F FLY INN BAKU 
1280, Çamaşırxana işçisi , F FLY INN BAKU 
1281," Təftiş üzrə mütəxəssis (Ağcabədi, Tovuz, Şirvan) ",  Mars Overseas Baku 
1282, Administrative specialist , C Company 
1283, Electronics Engineer ,  Umid Babek Operating Company 
1284, Taxta altlıqlara nəzarət üzrə mütəxəssis , A AAC MMC 
1285, Kompüter operator , M Minor Electronics 
1286, Satış müdiri , M Minor Electronics 
1288, Tender üzrə mütəxəssis ,  Crystal Group 
1289, Online satış üzrə kiçik mütəxəssis , C City Finance BOKT 
1290, Müştəri xidmətləri / Çağrı mərkəzi mütəxəssisi , 1 166 Express 
1291, Satış meneceri ,  Sara Invest Holding 
1292, Sales Manager HE (TV & Home Entertainment) , I International Company 
1293, GTM/Marketing Manager , I International Company 
1294, Digital Marketing Expert ,  Azerconnect 
1295, Mexanik , A Avro - Asiya İnşaat Korporasiyası “Evrascon” ASC 
1296, Çilingər , A Avro - Asiya İnşaat Korporasiyası “Evrascon” ASC 
1297, Monitorinq əməkdaşı ,  VMF 
1298, Satınalmalar üzrə köməkçi ,  Facility Management Group 
1299, Kiçik və orta sahibkarlarla iş üzrə mütəxəssis (KOS satışlar) ,  Ferrum Capital 
1300, Əməliyyatlar üzrə Menecer ,  Sinteks Group of Companies 
1303, Full Stack Net Developer , Q Qafqaz NET LLC 
1304, Şəxsi sürücü , C Company 
1305, Специалист по продажам , F Frazex 
1306, Satınalma üzrə nümayəndə , G Green Tech 
1307, Restoran Meneceri , B Boranı restoranlar şəbəkəsi 
1308, Складчик ,  Carlsberg Azerbaijan 
1309, Bellboy , W Winter Park Hotel Baku 
1310, SMM Manager , R Restaurant 
1311, Hərəkətli effektlər (Motion) üzrə Dizayner ,  Azerbaijan SuperMarket 
1312, Kopirayter ,  Azerbaijan SuperMarket 
1313, Kateqoriya üzrə kiçik menecer ,  Azerbaijan SuperMarket 
1314, Transport Coordinator , O Oil and Gas Company 
1315, Interior Designer ,  Beta Consortium LLC 
1316, Draftsman ,  Beta Consortium LLC 
1317, Middle QA Tester (Software) ,  eManat 
1318, Sous Chef , I Intercontinental Hotel Baku 
1321, Müştəri təmsilçisi ,  Bestcomp Group 
1322, Kargüzar-referent ,  Matanat A 
1323, Texniki-servis mərkəzinin texniki (elektronçu) ,  Altair Technologies 
1324, Junior Qrafik Dizayner ,  Azimut LLC 
1325, Satınalma və logistika üzrə kiçik mütəxəssis ,  Azimut LLC 
1326, Senior System Administrator ,  Xalq Sığorta 
1327, Ассистент офиса , A Avenue 
1328, Satınalma üzrə mütəxəssis ,  Modern Engineering Bureau of Azerbaijan 
1329, Layihə rəhbəri / sahə rəisi ,  ArchiCO 
1330, Baş mühasib , S Shark Chemie MMC 
1331, Sales Manager , C Core Construction 
1332, Sistemlərin və şəbəkənin idarə edilməsi şöbəsi – Sistem inzibatçısı (Linux) ,  Xalq Bank 
1333, Təmir üzrə Texnik / Engineer ,  Baku Hotel Company 
1336, Kassir (Şamaxı) ,  Kontakt Home 
1337, İR əməliyyatları üzrə mütəxəssis ,  MKT İstehsalat Kommersiya MMC 
1338, Mütəxəssis (Bakı) , G Green Finans Menecement 
1339, Təchizat üzrə mütəxəssis ,  GESCO ASC 
1341, Corporate Sales & Service Specialist ,  Rayda LLC 
1342," Incoming business development specialist (Europe, South-East Asia) ",  Rayda LLC 
1343, Marketing Manager ,  Rayda LLC 
1344," MICE Sales Specialist (Meetings, Incentives, Conferences, Events) ",  Rayda LLC 
1345, Low voltage sales manager , P Production Company 
1346, IB PYP Teacher Assistant , K Khazar University Dunya IB School 
1347, Sürücü , A Avro - Asiya İnşaat Korporasiyası “Evrascon” ASC 
1349, Корпоративные продажи , L Line Solution 
1351, Operator ,  AZINTELECOM 
1352, Marketinq direktoru , R Resant Group 
1353, Quraşdırıcı texnik ,  Kontakt Home 
1354," Satış meneceri (logistika, nəqliyyat) ",  AzerTunelSuTikinti 
1355, Operation manager , I INEO Group 
1356, Executive Assistant ,  Katech 
1362, Stoka nəzarət üzrə mütəxəssis ,  OBA marketlər şəbəkəsi 
1363, Vergi və gömrük işləri üzrə şöbə rəhbəri ,  OBA marketlər şəbəkəsi 
1364, Head of Marketing Department ,  Baku Electronics 
1365, Mağaza meneceri , S Sabah Group 
1366, Mebel üzrə deşmə dəzgahında operator ,  Kontakt Home 
1367, Kassir (Göyçay) ,  Kontakt Home 
1368, Менеджер по продажам ,  AB Origin 
1369, Регистратор/ оператор колл-центра ,  Sağlam Ailə 
1370, Marketing mütəxəssisi ,  Autolux Azerbaijan LLC 
1371, Texniki dəstək üzrə mütəxəssis ,  MKT İstehsalat Kommersiya MMC 
1372, Sürücü (Gəncə) ,  eManat 
1373, .Net Full Stack Developer ,  MKT İstehsalat Kommersiya MMC 
1374, Category Marketing Specialist ,  Baku Electronics 
1375, Satış nümayəndəsi (Soyuq satış) , N Nurgun Holding 
1376, Satıcı – konsultant , N Nurgun Holding 
1379, Architect , C Company 
1382, Texnik , R Resant Group 
1384, Guest Services Agent , R Resant Group 
1385, Aşpaz , M Midtown Hotel Baku 
1386, Xarici bazar üzrə satış mütəxəssisi , A ASSAN-STP Panel 
1387, Daxili satış üzrə mütəxəssis , A ASSAN-STP Panel 
1388, Satış təmsilçisi (Region) , P Palıd - 2015 MMC 
1390, Marketing director , C Company 
1391, İnsan Resursları üzrə Mütəxəssis , O ODONTOS LTD 
1392, Texniki dəstək üzrə mütəxəssis (montaj işləri üzrə) ,  Azərpoçt 
1393, SƏTƏM üzrə mütəxəssis (Füzuli) , R Ricon MMC 
1394, Maliyyə nəzarəti üzrə baş mütəxəssis , B Baku Steel Company CJSC 
1395, Sosial media cavablama operatoru ,  Star Express 
1396, Müştəri Meneceri (KOS) ,  PASHA Bank 
1397, Kiçik Kredit Risk Anderrayteri (KİB) ,  PASHA Bank 
1398, Anbardar , H Hajigabul Poultry Farm Company 
1399, Satınalma üzrə mütəxəssis , H Hajigabul Poultry Farm Company 
1400, Laborant , K Konfirom 
1401, Deklarant , K Konfirom 
1402, Satınalma üzrə kiçik mütəxəssis , K Konfirom 
1403, PA to CEO (Direktor Köməkçisi) , C Company 
1404, Dizayner ,  By Telecom 
1405, Satıcı (xanım) , B Bərəkət Mağazası 
1406, Qiymətli kağızlar üzrə mütəxəssis , G GL ASC 
1408, Ofis meneceri ,  Lubricant Supplier 
1409, Tender üzrə mütəxəssis ,  Lubricant Supplier 
1410, Sifariş toplama operatoru ,  NetTech 
1411, Retail Manager Assistant ,  Huawei Technologies Azerbaijan 
1412, Texniki planlama və monitorinq şöbəsinin rəhbəri (tikinti) , R Ricon MMC 
1413, Mühəndis-elektrik (Füzuli) , R Ricon MMC 
1414, Mühəndis-mexanik (Füzuli) , R Ricon MMC 
1415, Инженер по качеству (Отдел по контролю качества) ,  Carlsberg Azerbaijan 
1416, Housekeeping coordinator ,  Baku Marriott Hotel Boulevard 
1417, Baş mühasibin köməkçisi , F FLY INN BAKU 
1418, QHSE Specialist , M MST Engineering Services 
1419, Digital Marketing Specialist ,  Zeta Group 
1420, Avtoqreyder / Vərdənə Maşınisti , A Avro - Asiya İnşaat Korporasiyası “Evrascon” ASC 
1421, İnformasiya təhlükəsizliyi şöbəsinin mütəxəssisi (Kiber Nüfuzetmə mütəxəssisi - Pentester) ,  Xalq Bank 
1422, İnsan Resursları üzrə Baş Mütəxəssis , R Resant Group 
1423, İnformasiya təhlükəsizliyi şöbəsinin mütəxəssisi ,  Xalq Bank 
1424, Kredit şöbəsinin mütəxəssisi ,  Xalq Bank 
1425, Kredit şöbəsinin mütəxəssisi (İsmayıllı) ,  Xalq Bank 
1426, Ödəniş sistemləri şöbəsinin mütəxəssisi ,  Xalq Bank 
1427, Sistemlərin və şəbəkənin idarə edilməsi şöbəsinin mütəxəssisi – Sistem inzibatçısı (Microsoft) ,  Xalq Bank 
1428, Mühasib , V Valehlər MMC 
1429, Full Stack Developer ,  Safaroff Agency 
1431, Biznes-analitika şöbəsinin mütəxəssisi ,  Xalq Bank 
1432, Rəqəmsal bankçılıq şöbəsinin mütəxəssisi ,  Xalq Bank 
1433, Qrafik-dizayner , F FLY INN BAKU 
1434, Mikro kreditlər üzrə mütəxəssis (Gəncə filialı) ,  Unibank 
1435, SMM специалист , O Oriflame 
1436, Редактор (английского языка) ,  Trend News Agency 
1437, Sürücü ,  Zeytun Pharmaceuticals 
1438, İR üzrə koordinator , P Papa John’s Azərbaycan 
1439, Mühasib köməkçisi , E EuroDoor 
1440, Повар горячего цеха , M MyDom u Nargiz 
1441," Tabel üzrə inzibatçı (Timekeeper, Qarabağ) ",  North West Construction 
1444, Tik-Tok Video Operator , G Güvənli MMC 
1445, Məhsul tanıtım mütəxəssisi ,  Veysəloğlu-Rossmann 
1446, Satış üzrə mütəxəssis , E EuroDoor 
1447, Xarici Satınalma üzrə Aparıcı Mütəxəssisi ,  Matanat A 
1448, JCB Operator (Saray) ,  UNICO 
1449, Memar ,  UNICO 
1450, Gələcəyini inşa et Təcrübə Proqramı ,  UNICO 
1451, Mühasib , G Grandtek 
1452, Asfaltyuyan maşın operatoru / Bekoloder operatoru / Ağır texnika üzrə çilingər-elektrik , A Avro - Asiya İnşaat Korporasiyası “Evrascon” ASC 
1453, Marketiq meneceri , E EuroDoor 
1454, Mühasib – operator , T Tamashaee Foods 
1455, İnsan Resursları üzrə Aparıcı Mütəxəssis ,  AGRO-VEST RETAIL 
1456, Mühasib köməkçisi (təcrübəçi) ,  Avromed Company QSC 
1458, Daşınmaz əmlak satışı üzrə mütəxəssis , M Mərtəbələr MMC 
1460, Executive Chef , H Hotel 
1461, Ehtiyat hissələri üzrə anbardar , 1 166 Yükdaşıma və Logistika 
1462, Operator (Nasosxana) ,  Agro Dairy 
1463, Junior Java Developer , B B.EST Solutions 
1464, Tibbi nümayəndə , A Ambiens MMC 
1465, Оператор call центра , E Eurofilter Azerbaijan 
1466, Jr. Sous Chef ,  Holiday Inn Baku 
1467, Front desk agent ,  Holiday Inn Baku 
1469, Waiter ,  Holiday Inn Baku 
1470, Marketinq administratoru , G GFC MMC 
1472, Satınalma üzrə mütəxəssis , O ODONTOS LTD 
1473, Satış üzrə mütəxəssis , O ODONTOS LTD 
1474, Recruiting Specialist ,  ELIT.EO 
1475, Hüquqşünas , G GFC MMC 
1476, Category manager (Small domestic Appliances) ,  ELIT.EO 
1478, Fəhlə (çörək zavodu) , C Company 
1479, Paketləyici , C Company 
1480, Rele mühafizəsi və avtomatika üzrə elektrik ,  Agro Dairy 
1481," Mağaza müdiri (Cəlilabad, Kürdəmir) ", C Company 
1482, Ресепшн ,  Sea Breeze Resort & Residences 
1483, İngilis dili müəllimi , F Fred’s English təhsil mərkəzi 
1484, İngilis dili müəllimi , C Company 
1485, Direktorun Köməkçisi ,  Sinteks Group of Companies 
1487, Anbar nəzarətçisi ,  Başak Group 
1488, Legal Assistant , F Financial Chain Corporation LLC 
1489, Satış mütəxəssisi ,  FCC LLC 
1490, Interface Engineering Lead , J Joint Operating Company of Absheron Petroleum 
1492," Kredit üzrə mütəxəssis (Bakı, Xaçmaz, Masallı) ",  Baku Electronics 
1493, Əməliyyatçı (Zaqatala) ,  ELIT.EO 
1494, Tur-Bələdçi , E Ezone 
1495, Tender üzrə IT mütəxəssis , C Company 
1496, Videoqraf , M Media Balans 
1497, Satınalma üzrə aparıcı mütəxəssis ,  Kontakt Home 
1498, Qaraj rəisi , C C.Q PARTNERS MMC 
1499, Leisure Sales Manager ,  The Ritz-Carlton Baku 
1500, Aparıcı mühasib ,  SMTS 
1501, Biznes Sistemləri üzrə Mütəxəssis ,  PASHA Bank 
1502, Data Analitik , A Aqrar İnnovasiya və Təchizat Şirkəti 
1503, Product owner , I Inci Group Of Companies 
1504, Ekspeditor (Satış təmsilçisi) , I Inci Group Of Companies 
1505, Junior Trade Marketing Specialist , K Khazar Trade 
1506, Tik-Tok üzrə sosial media meneceri , B Blue City Yaşayış Kompleksi 
1507, Sales Representative (Night Shift) , P PITS Global Data Recovery Services 
1508, Finance Manager (Modelling) , C Company 
1509, Kateqoriya üzrə mütəxəssis ,  Veysəloğlu-Rossmann 
1510, Səs üzrə köməkçi ,  Baku Convention Center 
1513, SƏTƏMM üzrə mütəxəssis (Qarabağ) ,  North West Construction 
1516, Logistika və sənədləşmə üzrə mütəxəssis ,  Zeytun Pharmaceuticals 
1517, Təchizat üzrə mütəxəssis , F Fire Safety Caspian Azerbaijan 
1518, Mainstream Teacher (Preschool) ,  Landau School 
1519, Anbardar ,  VMF 
1520, Baş mühasib ,  VMF 
1521, Moto kuryer ,  VMF 
1523, Məlumat bazası üzrə administrator ,  Kontakt Home 
1524, Aparıcı İnteryer Dizayner ,  Kontakt Home 
1525, Müştəri xidmətlərinin idarə edilməsi departamentinin direktoru ,  Kontakt Home 
1526, Qeydçi (Reception) ,  Kontakt Home 
1528, Xadimə ,  Kontakt Home 
1529, Fəhlə ,  Olivia Beauty & Care 
1531, Online Kreditor ,  Kontakt Home 
1532, Kreditor ,  Kontakt Home 
1533, Fəhlə (Məişət anbar) ,  Kontakt Home 
1534, Operator köməkçisi (mebel üzrə kənarbantlama) ,  Kontakt Home 
1535, Aşpaz , C Company 
1536, Xaricdə təhsil üzrə məsləhətçi ,  Glodemia 
1537, Birbaşa satış üzrə təcrübəçi (Ərazi üzrə) ,  PASHA Insurance 
1538, Farmakonəzarət və Keyfiyyətənəzarət üzrə Baş mütəxəssis ,  Avromed Company QSC 
1539, Remote Sales Expert (International Product Sales) ,  Lion Technologies 
1540, Anbar fəhləsi ,  Sirab Satış və Dağıtım MMC 
1541, Satış üzrə mütəxəssis , A Araznet MMC 
1543, Ofis işləri üzrə əməliyyatçı , S Siyəzən Broyler 
1544, Texniki işlər üzrə mütəxəssis , K Klassik Şəms 
1545, Təchizat üzrə baş mütəxəssis , K Klassik Şəms 
1546, Anbardar (Xaçmaz) , A A+Co ASC 
1547, Baş Mühasib , C Company 
1548, Xaricdə təhsil üzrə satış mütəxəssisi ,  Pilgrim Education 
1549, İnsan Resurları üzrə Mütəxəssis ,  VMF 
1551, Satış meneceri , A Aqua Estetica 
1552, Aparıcı mühasib ,  Kristal Abşeron 
1553, Azerbaijan Language Teacher ,  Landau School 
1554, Restaurant Manager ,  Saffron Group 
1555, Assistant Restaurant Manager ,  Saffron Group 
1556, Receptionist ,  English Corner 
1557, İnsan Resursları üzrə Asistent , D Dalga Beach Aquapark 
1558, İşə qəbul üzrə aparıcı mütəxəssis ,  Mars Overseas Baku 
1559, Məhkəmələrlə iş şöbəsinin hüquqşünası ,  TuranBank ASC 
1560, Satınalma mütəxəssisi ,  Veysəloğlu MMC 
1561, Elektronika sahəsində Texniki Operator , M Myshops 
1562, ERP sistemləri üzrə baş mütəxəssis , P PMD Hospitality 
1565, Əczaçı ,  AzəriMed QSC 
1566, Stasionar Tibb Bacısı ,  AzəriMed QSC 
1568, Graphic Designer ,  European Azerbaijan School 
1569, Satınalma üzrə mütəxəssis , H Halal - P 
1570, Mühasib (xanım) , L Login International 
1571, HR Leading Specialist , L Logistics Company 
1572, Operations Manager ,  LV Caspian Ltd 
1573, Ekstruder operatoru ,  SƏBA 
1574, Əməliyyatçı menecer , F FY Logistics 
1576, Менеджер по продажам услуг , I İndital.az 
1577, Satış təmsilçisi (The Entertainer oyuncaq mağazası) ,  Zeta Group 
1578, Satış meneceri , O Ofis Plus 
1579, Redaktor ,  Trend News Agency 
1580, Azerbaijani Language Teacher , K Khazar University Dunya IB School 
1581, Social Sciences Teacher , K Khazar University Dunya IB School 
1582, Sciences Teacher , K Khazar University Dunya IB School 
1583, ICT Teacher , K Khazar University Dunya IB School 
1584, German teacher , K Khazar University Dunya IB School 
1586, Fixed Products Sales Acquisition Specialist , U Uninet MMC 
1587, Promouter , M Merkuri BOKT 
1588, SƏTƏM üzrə mütəxəssis ,  Mars Overseas Baku 
1589, Junior export specialist ,  Mars Overseas Baku 
1590, Planning specialist ,  Mars Overseas Baku 
1591, Fasad Memarı , L Lodos 
1592, Receptionist-Office administrator , I Imza Group 
1593, Avtokar sürücüsü ,  Master Builders Solutions Azerbaijan 
1594, İR Biznes Patrnyor ,  PASHA Bank 
1598, Waiter / waitress , T The Landmark Hotel Baku 
1599, Telesatış üzrə Mütəxəssis , B Balli Bisi 
1600, Əlaqə Mərkəzi şöbəsinin Mütəxəssisi (gündüz növbəsi) ,  Ateshgah Sigorta 
1601, Prosesə nəzarət inspektoru ,  Azersun Holding 
1602, Müştəri xidmətləri üzrə mütəxəssis ,  Azersun Holding 
1603, Şəbəkə inzibatçısı mütəxəssisi ,  Azersun Holding 
1604, SAP Baş mütəxəssis ,  Azersun Holding 
1605, Əməliyyatçı xəzinədar ,  Azersun Holding 
1606, Xarici turlar üzrə tur meneceri ,  Selfie Travel 
1607, Hüquqşünas ,  AVT Logistics 
1608, Satınalma mütəxəssisi , C Caspian Industry 
1609, Learning & Development Specialist ,  Umid Babek Operating Company 
1610, Mühasib ,  Zeta Group 
1611, Business Analyst , O Oil and Gas Company 
1612, Mühasib köməkçisi , P Papa John’s Azərbaycan 
1613, Hüquqşünas ,  Cyberpoint 
1614, Game Developer ,  Code Academy 
1616, Xadimə , B Belvedere Residence 
1618, Distribution coordinator ,  Superfon 
1619, Maliyyə sahəsi üzrə Layihə meneceri , U U and R Company 
1620, Internship program , F FM Consulting 
1621, Logistics Coordinator , I Intransco Transport & Logistics Group 
1622, Accountant assistant , P Prolink Caspian MMC 
1623, Satış aqronomu , I Industrial Solutions Group 
1624, Marketing and Sponsorship Manager , C Caspian Entertainment Company 
1626, İnformasiya təhlükəsizliyi şöbəsinin mütəxəssisi - Kiber Təhlükəsizlik Əməliyyatları Mərkəzi mütəxəssisi (SOC analyst) ,  Xalq Bank 
1627, React Developer ,  Cronhex 
1628, Satınalma üzrə menecer , S Santral 
1629, İstismar xidmətləri üzrə texnik ,  The Club Port Baku 
1630, Graphic Designer/ Marketing Specialist , T The Landmark Hotel Baku 
1631, Kimya mühəndisi (təcrübəçi) ,  Kartaş LTD (Mr.Fix) 
1632, Baş Mühasib , C Canteen 
1639, Ofisiant ,  Sahil Hotel Baku 
1640, Budgeting and Cost Control Manager ,  STP Global Cable 
1641, Administrator (xanım) , D Dream Studio 
1642, Laboratoriya müdiri ,  Glassica 
1644, Gömrük rəsmiləşdirilməsi və Satınalmalar üzrə Mütəxəssis , P Penoplex Prikavkazye 
1645, Anbardar , E Enar Taxi MMC 
1646, Ərazi üzrə xidmətçi , R Radisson Baku Hotel 
1647, Steward , R Radisson Baku Hotel 
1648, Satış nümayəndəsi , T TEZ Logistics 
1649, Satış meneceri , T TEZ Logistics 
1650, Baş mühasib , T Tikinti firması 
1651, Koordinator (xanım) , A Aloprint 
1652, Əməyin mühafizəsi və Təhlükəsizlik texnikası üzrə Mütəxəssis ,  Ikma 
1655, Менеджер по продажам образовательных услуг ,  START IT 
1656, SMM Manager , H Haus Luxury Interiors 
1657, Office manager , T TID Consulting 
1658, Ресепшн-кассир , A Anticafe 
1659, Xadimə ,  Bestcomp Group 
1660, Satış mütəxəssisi ,  Bonamed 
1661, Tədris Administratoru ,  Bonamed 
1662, Korporativ satış üzrə mütəxəssis ,  Ferrum Capital 
1663, Kuryer , G Gədəbəy Mineral Suları MMC 
1664, İnsan Resursları üzrə Baş Mütəxəssis , G Gədəbəy Mineral Suları MMC 
1665, Sürücü , Q Qala Group 
1666, Katibə , Q Qala Group 
1667, İR üzrə aparıcı mütəxəssis , Q Qala Group 
1669, Xəzinədar (Bakı filialları üzrə) ,  Rabitabank OJSC 
1670, Saat üzrə ekspert ,  PRİME Accessories Mağazalar Şəbəkəsi 
1672, Müştəri xidmətləri təmsilçisi (Quba) ,  Azeri Express 
1673, Elektrik Mühəndisi ,  European Azerbaijan School 
1674, Xadimə ,  European Azerbaijan School 
1675, Product Owner , C Company 
1676, Category Lead Manager / Specialist , O Oil and Gas Company 
1677, Electrical Engineer ,  Socar Polymer 
1678, Maintenance Planning Engineer ,  Socar Polymer 
1679, Satış üzrə məsləhətçi (saat və zərgərlik məhsulları) , V VIP Aviation Services Company 
1680, Satış kanallarının idarəolunması üzrə ekspert ,  PASHA Insurance 
1681, Middle DBA Tester ,  PASHA Insurance 
1682, Direktorun köməkçisi-kargüzar , P Penoplex Prikavkazye 
1683, Mühafizəçi , F Flazer 
1684, Asisstant Event Manager ,  Konsis 
1685, Direktor asistenti , A Agrico 
1686, Dizayner ,  Veysəloğlu MMC 
1687, Təchizat üzrə kiçik mütəxəssis ,  Veysəloğlu MMC 
1688, İdxalat mütəxəssisi ,  Veysəloğlu-Rossmann 
1689, İxracat mütəxəssisi ,  Veysəloğlu MMC 
1691, Tur menecer ,  Portal Games 
1692, Receptionist ,  Portal Games 
1693, Aşpaz ,  Universal Poliqraf 
1694, Sosial media üzrə menecer ,  Universal Poliqraf 
1695, Aktyor / Aktrisa ,  Portal Games 
1696, Supervayzer , 1 189 Courier 
1697, Audit şöbəsinin rəhbəri , U Unitrade Group MMC 
1699, Büdcə və hesabatlıq üzrə baş mütəxəssis ,  MKT İstehsalat Kommersiya MMC 
1700, Tekstilə bir addım təcrübə proqramı ,  MKT İstehsalat Kommersiya MMC 
1701, Anbardar (Cəlilabad) ,  ELIT.EO 
1702, Kiçik mühasib ,  Agro Dairy 
1704, SEN Teacher ,  European Azerbaijan School 
1705, Associated Teacher (Primary School) ,  European Azerbaijan School 
1707, Marketinq müdiri , C Company 
1708, Accounting Specialist , J JTI 
1709, Satış müdiri , M MLK Construction Group 
1710, Aссистент транспортного координатора , T Transport Company 
1711, Baş mühəndis , A Almep Engineering Group 
1712, Usta , A Almep Engineering Group 
1714, Xadimə ,  Azərbaycan Mikro Kredit BOKT 
1717, Mexanika mühəndisliyi (HVAC) üzrə təcrübəçi , M MEP Engineering 
1718, Elektrik mühəndisliyi üzrə təcrübəçi , M MEP Engineering 
1720, Area Manager ,  Azerbaijan SuperMarket 
1721, Barista Satıcı , L Lifli 
1722, İnsan Resursları üzrə Aparıcı Mütəxəssis , C Company 
1723, Təchizat üzrə mütəxəssis , C Company 
1724, Topdan satış şəbəkəsi üzrə supervisor , C Company 
1725, Korporativ satış üzrə menecer ,  ASBC MMC (Торговая марка iSpace) 
1726, Инвестиционный Брокер (Специалист финансовых услуг) ,  Invest AZ QSC 
1727, Продавец-консультант , A ADORE kompani 
1728, Tərbiyəçi müəllim , A Alphakids 
1729, Dispetçer , U Uber Taxi Park 
1730, Key Account Sales Manager , C Company 
1731, Problemli kreditlərlə iş şöbəsinin mütəxəssisi , F Falcon Finance 
1732, Həkim-pediatr , A Alphakids 
1733, Aşpaz , A Alphakids 
1734, Korporativ müştərilər üzrə mütəxəssis , 1 189 Taxi 
1735, Maliyyə Hesabatları üzrə Mütəxəssis ,  Access Bank 
1736, Сервисный Техник ,  KARCHER 
1737, Maliyyə və Büdcə hesabatlığı üzrə Baş Mütəxəssis , S Star Mining LLC 
1738, Alternativ kanallar ilə satış departamentində kiçik mütəxəssis (Çatdırılma qrupu) ,  Yelo Bank 
1739, B2B satış mütəxəssisi ,  Boom Group 
1740, Biznes Təhlilçi ,  Bestcomp Group 
1741, Call Center Operatoru ,  Wentto 
1742, Baş elektrik ,  Daşkəsən Dəmir Filiz MMC 
1743, Sahə rəisi ,  Daşkəsən Dəmir Filiz MMC 
1744, Executive Assistant ,  Baku Electronics 
1746, Sürücü/Mebel ustası , L Lazzoni mebel 
1747, Head of Information and Communication Technology Department ,  Landau School 
1748, Kredit və bazar riskləri şöbəsinin rəisi ,  Azər Türk Bank 
1749, Əməliyyat riskləri və risk hesabatlıq şöbəsində Aparıcı / Baş mütəxəssis ,  Azər Türk Bank 
1750, Sürücü-Ekspeditor ,  By Telecom 
1751, Aparıcı Mühasib , B Baku Accountants Associates MMC 
1752, Qeydiyyatçı , A AGA Group 
1753, Ofis Menecer , N Netto Software 
1754, Ofis meneceri ,  Boom Group 
1756, Təchizat üzrə mütəxəssis , I ID - Agropark 
1757, Operator ,  SƏBA 
1759, Mühasib operatoru ,  Coffeemania 
1760, Supervayzer ,  Coffeemania 
1761, Ofisiant / Ofisiant köməkçisi ,  Coffeemania 
1762, Barista ,  Coffeemania 
1763, Mühasib , T TID Consulting 
1764, Mühasib , B Boranı restoranlar şəbəkəsi 
1765, DevOps Engineer ,  Golden Pay 
1766, SMM Manager ,  Onveiv 
1767, İnsan resursları üzrə mütəxəssis (Salyan) ,  MKT İstehsalat Kommersiya MMC 
1768, Bağban (Bilgəh) , P Private House 
1769, Korporativ satış şöbəsinin mütəxəssisi ,  Ateshgah Sigorta 
1770, Certification Coordinator , E Expro Group 
1771, Sürücü , F FLY INN BAKU 
1772, İlkin uçot sənədi üzrə qeydiyyatçı-operator , F FLY INN BAKU 
1774, Operations Administrator , O Orca Offshore FZC Azerbaijan 
1775, Korporativ satış üzrə mütəxəssis , L Libraff 
1776, Kassir , L Libraff 
1777, Satış üzrə mütəxəssis ,  Şam - Fi MMC 
1778, Merçendayzer , R Retailor LLC 
1779," Satınalma, təchizat və logistika şöbəsinin aparıcı mütəxəssisi ", A Azərbaycan Sənaye Korporasiyası 
1780, Daxili audit üzrə kiçik mütəxəssis , N NBA Technologies International LLC 
1781, Təftiş üzrə mütəxəssis ,  Zeytun Pharmaceuticals 
1782, Commercial Intern (with subsequent employment) , D Digerati 
1783, Arxivçi ," Q “Qarabağ İqtisadi Rayonunda Bərpa, Tikinti və İdarəetmə Xidməti” Publik Hüquqi Şəxs "
1784, Katib-referent ," Q “Qarabağ İqtisadi Rayonunda Bərpa, Tikinti və İdarəetmə Xidməti” Publik Hüquqi Şəxs "
1785, Konstruktor ," Q “Qarabağ İqtisadi Rayonunda Bərpa, Tikinti və İdarəetmə Xidməti” Publik Hüquqi Şəxs "
1786, Mexanika mühəndisi ," Q “Qarabağ İqtisadi Rayonunda Bərpa, Tikinti və İdarəetmə Xidməti” Publik Hüquqi Şəxs "
1787, Smeta mühəndisi ," Q “Qarabağ İqtisadi Rayonunda Bərpa, Tikinti və İdarəetmə Xidməti” Publik Hüquqi Şəxs "
1788, Zəif axın sistemləri üzrə mühəndis ," Q “Qarabağ İqtisadi Rayonunda Bərpa, Tikinti və İdarəetmə Xidməti” Publik Hüquqi Şəxs "
1789, Elektrik mühəndisi ," Q “Qarabağ İqtisadi Rayonunda Bərpa, Tikinti və İdarəetmə Xidməti” Publik Hüquqi Şəxs "
1790, Hüquqşünas ," Q “Qarabağ İqtisadi Rayonunda Bərpa, Tikinti və İdarəetmə Xidməti” Publik Hüquqi Şəxs "
1791, Keyfiyyətə nəzarət və təminat şöbəsinin müdiri ," Q “Qarabağ İqtisadi Rayonunda Bərpa, Tikinti və İdarəetmə Xidməti” Publik Hüquqi Şəxs "
1792, Layihəçi memar ," Q “Qarabağ İqtisadi Rayonunda Bərpa, Tikinti və İdarəetmə Xidməti” Publik Hüquqi Şəxs "
1794, Risklərin idarə olunması üzrə baş mütəxəssis ,  Azərpoçt 
1795, Məlumat bazası və ödəniş sistemlərinə texniki dəstək üzrə mühəndis ,  Caspian Innovation Center 
1796, Mağaza meneceri (Elektronika – İmişli) ,  ELIT.EO 
1797, Internal Auditor ,  Amal Group 
1798, Marketing Project Manager , C Company 
